{"type":"footer","name":"Footer Group","sections":{"cross-page-promos":{"type":"cross-page-promos","blocks":{"1478526645605":{"type":"icon","settings":{"icon":"map_pin","text":"FIND YOUR STORE","link_url":"shopify:\/\/pages\/store-locator"}},"1478526632862":{"type":"icon","settings":{"icon":"star","text":"BECOME A MEMBER","link_url":"shopify:\/\/pages\/f2r-club"}},"1478526647261":{"type":"icon","settings":{"icon":"gift","text":"Gift cards","link_url":"shopify:\/\/products\/gift-card"}}},"block_order":["1478526645605","1478526632862","1478526647261"],"settings":{"cross_page_promo_bg":"#ffffff","cross_page_promo_color":"#232323","show_on_home_page":true}},"footer":{"type":"footer","blocks":{"1601308656020":{"type":"newsletter","settings":{"klaviyo_nl_form_id":"VXHavS","social_icons_label":"Follow Us","show_social_icons":true,"soc_icons_large":true}},"menu_UKkLiV":{"type":"menu","settings":{"title":"FIT2RUN","menu":"footer"}},"menu_qV96hJ":{"type":"menu","settings":{"title":"HELP & MORE","menu":"footer-right-menu"}},"klaviyo_email_marketing_sms_form_embed_block_pCDYAq":{"type":"shopify:\/\/apps\/klaviyo-email-marketing-sms\/blocks\/form-embed-block\/2632fe16-c075-4321-a88b-50b567f42507","settings":{"formId":""}}},"block_order":["1601308656020","menu_UKkLiV","menu_qV96hJ","klaviyo_email_marketing_sms_form_embed_block_pCDYAq"],"settings":{"lower_menu":"footer-lower-menu","show_powered_by":false,"footer_logo":"shopify:\/\/shop_images\/Fit2Run_logo_13.png","logo_width":135,"show_payment_icons":true,"enable_country_selector":false,"enable_language_selector":false}}},"order":["cross-page-promos","footer"]}