{"type":"header","name":"Header Group","sections":{"announcement-bar":{"type":"announcement-bar","blocks":{"announcement_ekMkXR":{"type":"announcement","settings":{"text":"<em><strong>FREE GROUND SHIPPING ON ORDERS  OVER $75<\/strong><\/em>","template_name":"","page_url":"","show_countdown":false,"hide_on_end":false,"end_date":"","end_time":"","number_font":"base","countdown_separator":"box","use_custom_colors":false,"bg_color":"#4a4a4a","bg_gradient":"","text_color":"#ffffff"}},"announcement-2":{"type":"announcement","settings":{"text":"<strong>CLUB MEMBERS SAVE 10%:<\/strong><em><strong> <\/strong><\/em><a href=\"\/pages\/f2r-club\" title=\"F2R Club\"><em><strong>JOIN NOW<\/strong><\/em><\/a>","template_name":"","page_url":"","show_countdown":false,"hide_on_end":false,"end_date":"","end_time":"","number_font":"heading","countdown_separator":"space","use_custom_colors":true,"bg_color":"#ffffff","bg_gradient":"","text_color":"#171717"}}},"block_order":["announcement_ekMkXR","announcement-2"],"settings":{"alignment":"center","message_font_size":11,"announcement_bar_col":"#ffffff","announcement_bar_gradient":"","announcement_text_col":"#000000","show_social_icons":false,"menu":"","enable_country_selector":true,"enable_language_selector":true}},"store-messages":{"type":"store-messages","blocks":{"1601308104445":{"type":"message","settings":{"heading":"","subheading":"Free shipping on orders over $100","link_url":""}},"1601308125690":{"type":"message","settings":{"heading":"","subheading":"Free Click & Collect to US stores*","link_url":""}},"1601308127822":{"type":"message","settings":{"heading":"","subheading":"Free and easy domestic returns","link_url":""}}},"block_order":["1601308104445","1601308125690","1601308127822"],"disabled":true,"settings":{"head_not_home_only":false,"head_not_col_bg":"#f4f6f8","head_not_col_txt1":"#171717","head_not_col_txt2":"#4c4c4b","head_not_mob_show":true,"head_not_mob_text":"Free shipping on orders over $100","head_not_mob_url":""}},"header":{"type":"header","blocks":{"menu_promotion_small_kYA3yD":{"type":"menu-promotion-small","settings":{"dropdown_link_title":"Community","image":"shopify:\/\/shop_images\/About_Us_1.png","title":"ABOUT US","link_url":"shopify:\/\/pages\/about-us"}},"menu_promotion_small_gmUPRA":{"type":"menu-promotion-small","settings":{"dropdown_link_title":"Community","image":"shopify:\/\/shop_images\/Run_Club1.png","title":"F2R RUN CLUB","link_url":"shopify:\/\/pages\/f2r-run-club"}},"menu_promotion_small_rk66dd":{"type":"menu-promotion-small","settings":{"dropdown_link_title":"Community","image":"shopify:\/\/shop_images\/Fit2Time2.png","title":"FIT2TIME RACE MANAGEMENT","link_url":"shopify:\/\/pages\/fit2time-race-management"}},"menu_promotion_small_JxhhyU":{"type":"menu-promotion-small","settings":{"dropdown_link_title":"Community","image":"shopify:\/\/shop_images\/Community_Big_Bill_Nav_39236984-4990-43d0-a61d-de7aa70dcf66.png","title":"BIG BILL FOUNDATION","link_url":"shopify:\/\/pages\/the-big-bill-foundation"}},"menu_promotion_small_QcRRBH":{"type":"menu-promotion-small","settings":{"dropdown_link_title":"Community","image":"shopify:\/\/shop_images\/Blog_1.png","title":"BLOG","link_url":"shopify:\/\/blogs\/news"}},"menu_promotion_large_e7ghh9":{"type":"menu-promotion-large","settings":{"dropdown_link_title":"Bikes","desktop_image":"shopify:\/\/shop_images\/Waterford_Lakes_1.png","enable_fade":false,"image_position":"right","subheading":"","title":"F2R BIKE SHOP","text":"<p>Discover the perfect bike or stroller at F2R Bike Shop with our online selection of mountain, road, and kid's bikes. Purchase online and pick up in-store for professional adjustments by our Bike Fit Experts. <\/p><p><a href=\"\/pages\/f2r-bike-shop\" title=\"F2R Bike Shop\"><strong>LEARN MORE<\/strong><\/a><\/p>","button_1_label":"Shop Bikes","button_1_link":"shopify:\/\/collections\/bikes","button_1_style":"primary","button_2_label":"SHOP Strollers","button_2_link":"shopify:\/\/collections\/strollers","button_2_style":"primary","text_alignment":"left","show_countdown":false,"countdown_position":"under-heading","end_date":"","end_time":"","end_text":"","hide_on_end":false,"number_size":40,"number_font":"base","divider_type":"colon","show_timer_labels":true}},"menu_promotion_small_epy33z":{"type":"menu-promotion-small","settings":{"dropdown_link_title":"Men's","image":"shopify:\/\/shop_images\/March_2025_Nav_Ad_F2R.png","title":"New F2R Apparel","link_url":"shopify:\/\/collections\/shop-all-f2r"}},"menu_promotion_small_tczCJ4":{"type":"menu-promotion-small","settings":{"dropdown_link_title":"Women's","image":"shopify:\/\/shop_images\/March_2025_Nav_Ad_Cloud_6.png","title":"Newest From ON Cloud 6","link_url":"shopify:\/\/products\/on-cloud-6-womens"}},"menu_promotion_small_DcyUEY":{"type":"menu-promotion-small","settings":{"dropdown_link_title":"Gear","image":"shopify:\/\/shop_images\/March_2025_Nav_Ad_Goodr.png","title":"Shop goodr","link_url":"shopify:\/\/collections\/goodr"}},"menu_promotion_small_TdHPjP":{"type":"menu-promotion-small","settings":{"dropdown_link_title":"Sale","image":"shopify:\/\/shop_images\/February_2025_Bondi_8_Nav_Ad.png","title":"Featuring Hoka Bondi 8","link_url":"shopify:\/\/collections\/hoka-bondi-8"}},"menu_promotion_small_DyyT7E":{"type":"menu-promotion-small","settings":{"dropdown_link_title":"Gift Guide","image":"shopify:\/\/shop_images\/2024_Holiday_Gift_Guide_Feed_Banner_copy_M.png","title":"Shop All Running Gifts","link_url":"shopify:\/\/collections\/holiday-gifts-for-running-enthusiasts"}},"menu_featured_collection_jjEaez":{"type":"menu-featured-collection","settings":{"dropdown_link_title":"Women's","featured_collection_linklist":"womens-featured-collection"}},"menu_featured_collection_xNPiKQ":{"type":"menu-featured-collection","settings":{"dropdown_link_title":"Men's","featured_collection_linklist":"mens-featured-collections"}}},"block_order":["menu_promotion_small_kYA3yD","menu_promotion_small_gmUPRA","menu_promotion_small_rk66dd","menu_promotion_small_JxhhyU","menu_promotion_small_QcRRBH","menu_promotion_large_e7ghh9","menu_promotion_small_epy33z","menu_promotion_small_tczCJ4","menu_promotion_small_DcyUEY","menu_promotion_small_TdHPjP","menu_promotion_small_DyyT7E","menu_featured_collection_jjEaez","menu_featured_collection_xNPiKQ"],"custom_css":["p {margin-bottom: 4px;}"],"settings":{"logo":"{{ shop.brand.logo }}","logo_img_width_int":200,"mobile_logo_img_width_int":115,"logo_h1":true,"enable_sticky":true,"enable_transparent":false,"transparent_color":"#ffffff","menu_linklist":"main-menu","menu_layout":"underneath","nav_featured_link":"Sale","nav_brands_link":"Brands","menu_linklist_mobile":"","mobile_expand_with_entire_link":true,"enable_mobile_promo_carousel":true,"enable_nav_mob_products":true,"nav_mob_products_title":"Best Sellers","nav_mob_products_collection":"all-shoes","enable_search":true,"hide_view_all_search_btn":true,"search_recommendations_title":"","search_recommendations_menu":"","store_locator_url":"shopify:\/\/pages\/store-locator"}}},"order":["announcement-bar","store-messages","header"]}