{"type":"aside","name":"Overlay Group","sections":{"cart-drawer":{"type":"cart-drawer","settings":{"show_order_note":true,"show_tax_and_shipping":true,"enable_direct_cart":true,"cart_terms_page":"","show_backorder_text":false,"show_inventory_notice":"low","show_inventory_count":"low","inventory_threshold":3,"show_announcement":false,"announcement_position":"below-items","announcement_text":"Cart announcement text","announcement_icon":"box","announcement_icon_size":"small","announcement_enable_box":false,"announcement_box_color":"#e0f4d5","empty_icon":"basket","empty_heading":"Your cart is empty","empty_text":"","empty_button_text":"Start shopping","empty_button_link":"shopify:\/\/pages\/all-brands","empty_button_style":"primary","empty_enable_custom_colors":false,"empty_color_background":"","empty_color_background_gradient":"","empty_color_text":"","enable_cross_sells":true,"cross_sell_title":"YOU MAY ALSO WANT","cross_sell_products":["feetures-elite-light-cushion-mini-crew-unisex","feetures-elite-light-cushion-no-show-tab-unisex","on-logo-sock-high-3p-unisex","on_logo_sock_mid_3p_unsiex","on_lightweight_cap_unisex","sun_bum_sunscreen_face_stick_spf_30_unisex","goodr-og-running-sunglasses-unisex","sun-bum-tanning-oil-spf-15-unisex","sprints-race-day-hat-unisex","sun-bum-sunscreen-spf-30-unisex"],"enable_automatic_cross_sells":false,"croll_sell_color_scheme":"1"}},"expert_video_PBR7Cm":{"type":"expert-video","blocks":{"heading_K6hCw7":{"type":"heading","settings":{"title":"Video","heading_max_width":15,"title_size":84,"title_size_mobile":32,"use_h1":false}},"text_7tzVfn":{"type":"text","settings":{"text":"<p>Use a video to get a customer's attention<\/p>","enlarge_text":true}},"play_button_mWcC7h":{"type":"play-button","settings":{}}},"block_order":["heading_K6hCw7","text_7tzVfn","play_button_mWcC7h"],"settings":{}}},"order":["cart-drawer","expert_video_PBR7Cm"]}