{"sections":{"image_with_text_overlay_QqHLBQ":{"type":"image-with-text-overlay","settings":{"image":"{{ metaobject.image.value }}","height":"adapt","height_desktop":600,"height_mobile":460,"image_link":"","full_width":true,"text_alignment":"center center","mobile_overlay_under":false,"overlay_style":"shadow"}},"map_TDm9fR":{"type":"map","settings":{"full_width":true,"color_scheme":"1","heading":"{{ metaobject.store_name.value }}","address":"{{ metaobject.contact_information | metafield_tag }}<p>{{ metaobject.address | metafield_tag }}<\/p>{{ metaobject.store_hours | metafield_tag }}{{ metaobject.features | metafield_tag }}<p><\/p>","button":"Directions","show_pin":true,"show_feature_image":false,"feature_image":"{{ metaobject.image.value }}","map_address":"{{ metaobject.map_address.value }}","api_key":"AIzaSyC3dldCnRlOdHQyqltGStuWcxq_pLJPDUE","map_type":"embed","map_style":"silver"}}},"order":["image_with_text_overlay_QqHLBQ","map_TDm9fR"]}