{"sections":{"rich_text_PXbPHL":{"type":"rich-text","blocks":{"text_AHbHHr":{"type":"text","settings":{"use_metadata":false,"text":"<p>We just launched our new site on 8\/12. If you haven't logged in since then, click \"forgot password\" and create a new password. <\/p>","enlarge_text":false}}},"block_order":["text_AHbHHr"],"settings":{"height":"medium","text_alignment":"center","full_width":false,"color_scheme":"default"}},"main":{"type":"main-login","settings":{}}},"order":["rich_text_PXbPHL","main"]}