{"sections":{"main":{"type":"main-404","settings":{}},"collection_list_inXYTJ":{"type":"collection-list","blocks":{"collection_r8JQQU":{"type":"collection","settings":{"collection":"shop-all-hoka","subheading":"","button_label":""}},"collection_CD6nbE":{"type":"collection","settings":{"collection":"on","subheading":"","button_label":""}},"collection_8Kh7RD":{"type":"collection","settings":{"collection":"asics","subheading":"","button_label":""}},"collection_rJwzpx":{"type":"collection","settings":{"collection":"brooks","subheading":"","button_label":""}}},"block_order":["collection_r8JQQU","collection_CD6nbE","collection_8Kh7RD","collection_rJwzpx"],"settings":{"title":"KEEP RUNNING WITH US","enable_carousel":true,"grid":4,"color_scheme":"default","full_width":true,"coll_grid_image_shape":"square","coll_grid_image_position":"center center","coll_thumb_mob_per_row":"2","coll_grid_show_count":true,"coll_text_position":"below","coll_text_position_under_mobile":false,"coll_thumb_text_align_x":"center","coll_thumb_text_align_y":"center","coll_button_style":"primary"}}},"order":["main","collection_list_inXYTJ"]}