{"sections":{"main":{"type":"main-collection","blocks":{"promo_dmGrcR":{"type":"promo","settings":{"collection":"","image":"shopify:\/\/shop_images\/January_2025_Disruptor_Orthotics.png","promo_width":"one-column","position":7,"title":"<h5><em>AETREX ORTHOTICS <\/em><\/h5><h2><strong>ORTHOTICS<\/strong><\/h2>","content":"Orthotics align your body & help prevent common foot pain such as Plantar Fasciitis, Arch Pain and Metatarsalgia","text_color":"text-dark","text_position":"bottom-left","overlay_opacity":0,"bg_color":"#ffffff","bg_with_img":true,"button_text":"Join Now","button_link":"shopify:\/\/collections\/aetrex","button_style":"primary-black"}},"product_compare_aACbft":{"type":"product-compare","settings":{"compare_page":"compare-products"}},"fit_finder_PqbYf3":{"type":"fit-finder","settings":{"fit_finder_page":"fit-finder","fit_finder_title":"Try our Fit Finder","fit_finder_link_label":"Find your Fit"}}},"block_order":["promo_dmGrcR","product_compare_aACbft","fit_finder_PqbYf3"],"custom_css":["h1 {text-transform: uppercase; font-weight: bold;}"],"settings":{"show_title":true,"show_image_behind_heading":false,"heading_image_height":"small","overlay_style":"no_background","coll_desc_pos":"above","coll_num_per_page_int":24,"show_vendor":false,"show_total":true,"enable_filtering":true,"collapse_tag_sidebar_by_default":true,"collapse_filters_method":"over-12","show_filter_counts":true,"filter_two_columns":false,"button_grid_filter_name":"Size,Taille,Größe","auto_apply_hide_unavailable":true,"enable_sticky_filter":true,"show_sort":true,"sort_show_featured":false,"sort_show_best":true,"sort_show_alpha":true,"sort_show_price":true,"sort_show_date":true,"related_collections":[],"related_collections_style":"buttons","rel_coll_gall_aspect_ratio":"1","image_position":"center center","rel_coll_gall_enable_margin":true,"rel_coll_gall_full_width":false,"rel_coll_gall_overlay_style":"shadow","rel_coll_gall_text_alignment":"center center","rel_coll_grid_mobile":"2"}},"rich_text_iVqBPK":{"type":"rich-text","blocks":{"heading_ktjTW4":{"type":"heading","settings":{"title":"{{ collection.metafields.custom.seo_heading.value }}","use_h1":false}},"text_jkiDEH":{"type":"text","settings":{"use_metadata":false,"text":"<p>{{ collection.metafields.custom.seo_description | metafield_tag }}<\/p>","enlarge_text":true}}},"block_order":["heading_ktjTW4","text_jkiDEH"],"settings":{"height":"small","text_alignment":"left","full_width":true,"color_scheme":"default"}},"1717007480bf4eb838":{"type":"apps","settings":{"full_width":false,"show_space":true}}},"order":["main","rich_text_iVqBPK","1717007480bf4eb838"]}