{"sections":{"main":{"type":"main-collection","disabled":true,"settings":{"show_title":true,"show_image_behind_heading":true,"heading_image_height":"medium","overlay_style":"shadow","coll_desc_pos":"above","coll_num_per_page_int":24,"show_vendor":false,"show_total":true,"enable_filtering":true,"collapse_tag_sidebar_by_default":false,"collapse_filters_method":"over-12","show_filter_counts":false,"filter_two_columns":false,"auto_apply_hide_unavailable":false,"enable_sticky_filter":true,"show_sort":true,"sort_show_featured":false,"sort_show_best":true,"sort_show_alpha":true,"sort_show_price":true,"sort_show_date":true,"related_collections":[],"related_collections_style":"buttons","rel_coll_gall_aspect_ratio":"1","image_position":"center center","rel_coll_gall_enable_margin":true,"rel_coll_gall_full_width":false,"rel_coll_gall_overlay_style":"shadow","rel_coll_gall_text_alignment":"center center","rel_coll_grid_mobile":"2"}},"custom_liquid_tFcAH3":{"type":"custom-liquid","settings":{"full_width":true,"code":"<script>\n(function(c,a,r,t,f,u,l){c[u]=c[u]||function(){(c[u].q=c[u].q||[]).push(arguments)},l=a.createElement(r),l.async=1,l.id=u+\"scr\",l.src=f,a[t].appendChild(l)})(window,document,\"script\",\"body\",\"\/\/embed.cartfulsolutions.com\/fit2run-shoe-finder\/recommendation.min.js\",\"cfl809\");\n<\/script>"}}},"order":["main","custom_liquid_tFcAH3"]}