{"sections":{"image_with_text_overlay_CAaLFG":{"type":"image-with-text-overlay","blocks":{"subheading_4JRUbJ":{"type":"subheading","settings":{"subheading":"NIKE"}},"heading_6PFfW9":{"type":"heading","settings":{"title":"VOMERO 18","heading_max_width":15,"title_size":64,"title_size_mobile":32,"use_h1":false}},"subheading_mrj4kJ":{"type":"subheading","settings":{"subheading":"MAX CUSHIONING. MAX COMFORT."}},"text_fVJRPq":{"type":"text","settings":{"text":"<p><a href=\"\/collections\/nike-vomero\" title=\"Nike Vomero 18\">SHOP NOW<\/a><\/p>","enlarge_text":false}}},"block_order":["subheading_4JRUbJ","heading_6PFfW9","subheading_mrj4kJ","text_fVJRPq"],"disabled":true,"settings":{"image":"shopify:\/\/shop_images\/VOMERO_18_STUDIO2_c37ec4f0-4a3a-4063-829f-067c466cbb0e.png","mobile_image":"shopify:\/\/shop_images\/VOMERO_18_STUDIO23.png","height":"adapt","height_desktop":400,"height_mobile":460,"image_link":"","full_width":true,"text_alignment":"bottom left","mobile_overlay_under":false,"overlay_style":"shadow"}},"background_video_gtYxET":{"type":"background-video","blocks":{"subheading_wGLRtc":{"type":"subheading","settings":{"subheading":"NEW FROM ON"}},"heading_TVHEdN":{"type":"heading","settings":{"title":"CLOUDSURFER 2","heading_max_width":15,"title_size":84,"title_size_mobile":32,"use_h1":false}},"subheading_HRFPmC":{"type":"subheading","settings":{"subheading":"Find your flow. Chase the wins."}},"button_A66bFc":{"type":"button","settings":{"button_label":"SHOP NOW","button_link":"shopify:\/\/collections\/on-cloudsurfer-2","button_style":"secondary-white"}}},"block_order":["subheading_wGLRtc","heading_TVHEdN","subheading_HRFPmC","button_A66bFc"],"custom_css":[],"settings":{"video_shopify":"shopify:\/\/files\/videos\/Cloudsurfer 2_Final.mp4","video_external":"https:\/\/www.youtube.com\/watch?v=_9VUPq3SxOc","video_description":"","text_alignment":"bottom left","height_desktop":500,"height_mobile":600,"full_width":true,"overlay_style":"full image-overlay--bg-shadow"}},"background_video_A7EAPW":{"type":"background-video","blocks":{"subheading_Hn6pNb":{"type":"subheading","settings":{"subheading":"NEW FROM ON"}},"heading_Ygrq3k":{"type":"heading","settings":{"title":"CLOUD 6","heading_max_width":15,"title_size":84,"title_size_mobile":32,"use_h1":false}},"subheading_Phg3eA":{"type":"subheading","settings":{"subheading":"UNLOCK ALL-DAY COMFORT"}},"button_CXxRUi":{"type":"button","settings":{"button_label":"SHOP NOW","button_link":"shopify:\/\/products\/on-cloud-6-womens","button_style":"secondary-white"}}},"block_order":["subheading_Hn6pNb","heading_Ygrq3k","subheading_Phg3eA","button_CXxRUi"],"disabled":true,"settings":{"video_shopify":"shopify:\/\/files\/videos\/Cloud 6 (No logo).mp4","video_external":"https:\/\/www.youtube.com\/watch?v=_9VUPq3SxOc","video_description":"","text_alignment":"bottom left","height_desktop":500,"height_mobile":600,"full_width":true,"overlay_style":"full image-overlay--bg-shadow"}},"image_with_text_overlay_DrXrjM":{"type":"image-with-text-overlay","settings":{"image":"shopify:\/\/shop_images\/Fit_Finder_Banner_595d2f70-cfc4-42be-a7e1-4520fbb5a356.jpg","mobile_image":"shopify:\/\/shop_images\/Fit_Finder_Banner_595d2f70-cfc4-42be-a7e1-4520fbb5a356.jpg","height":"adapt","height_desktop":200,"height_mobile":100,"image_link":"shopify:\/\/pages\/fit-finder","full_width":true,"text_alignment":"center center","mobile_overlay_under":false,"overlay_style":"shadow"}},"gallery_qEqycg":{"type":"gallery","blocks":{"media_yfUjqU":{"type":"media","settings":{"image":"shopify:\/\/shop_images\/On_Collection_Cloud_5.png","enlarge_media":true,"subheading":"UNLOCK ALL-DAY COMFORT","title":"EVERYDAY WEAR","button_label":"SHOP NOW","link":"shopify:\/\/collections\/lifestyle-footwear","text_alignment":"bottom left"}},"media_mW6Pq3":{"type":"media","settings":{"image":"shopify:\/\/shop_images\/HOKA_S25_M_CieloX120_Global_DTL---1293.jpg","enlarge_media":false,"subheading":"TRAIN FOR SUCCESS","title":"MARATHON","button_label":"SHOP NOW","link":"shopify:\/\/collections\/marathon-training","text_alignment":"bottom left"}},"media_emPWPn":{"type":"media","settings":{"image":"shopify:\/\/shop_images\/S25_MAR_MIA_Old_Port_Group_1122.jpg","enlarge_media":false,"subheading":"Start your journey","title":"BEGINNERS' FOOTWEAR","button_label":"SHOP NOW","link":"shopify:\/\/collections\/running-footwear-for-beginners","text_alignment":"bottom left"}},"media_TqfdNp":{"type":"media","settings":{"image":"shopify:\/\/shop_images\/ss24-cloudsurfer_trail-editorial-03.jpg","enlarge_media":false,"subheading":"GET ON THE RIGHT PATH","title":"TRAIL","button_label":"SHOP NOW","link":"shopify:\/\/collections\/trail-runner","text_alignment":"bottom left"}},"media_q7gh4k":{"type":"media","disabled":true,"settings":{"enlarge_media":false,"subheading":"SPECIAL MAKES OF FAN FAVORITES","title":"LIMITED EDITION","button_label":"SHOP NOW","link":"shopify:\/\/collections\/unique-and-custom-running-gifts","text_alignment":"bottom left"}}},"block_order":["media_yfUjqU","media_mW6Pq3","media_emPWPn","media_TqfdNp","media_q7gh4k"],"settings":{"grid_desktop":4,"grid_mobile":"1","height":"fixed","desktop_image_height":460,"mobile_image_height":400,"title_size":30,"title_size_mobile":22,"enable_margin":true,"enable_row_spacing":true,"full_width":false,"color_scheme":"default","enable_carousel":true,"overlay_style":"full image-overlay--bg-shadow","button_style":"link"}},"scrolling_banner_pAzcmX":{"type":"scrolling-banner","blocks":{"text_emyWmw":{"type":"text","settings":{"text":"<i>NEW<\/i>","color":"rgba(0,0,0,0)","link":"","use_h1":false,"stencil_all_text":false,"stencil_text":""}}},"block_order":["text_emyWmw"],"settings":{"full_width":true,"color_scheme":"2","text_size":20,"vertical_padding":19,"speed":40,"direction":"right","font":"heading","space":110}},"product_list_CYVi8H":{"type":"product-list","settings":{"title":"THE LATEST","product_list":["on-cloudswift-v4-womens","on-cloudsurfer-2-mens","on-cloud-6-womens","nike-vomero-18-mens","diadora-gara-carbon-2-unisex","hoka-cielo-x1-2-0-unisex","hoka-bondi-9-womens-blue-spark-mint-fluorite","brooks-glycerin-22-mens-black-cobalt-neo-yellow","asics-gel-nimbus-27-womens-piedmont-grey-illuminate-mint","brooks-adrenaline-gts-24-mens-lime-green-nightlife","brooks-ghost-max-2-mens-honeydew-blue-white"],"show_vendor":false,"enable_carousel":true,"grid":4,"color_scheme":"default","full_width":false}},"gallery_ikPmQ9":{"type":"gallery","blocks":{"media_9AWyDQ":{"type":"media","settings":{"image":"shopify:\/\/shop_images\/F2R_Jan_Lifestyle-147.jpg","enlarge_media":true,"subheading":"WOMEN'S APPAREL","title":"FRESH F2R","button_label":"SHOP NOW","link":"shopify:\/\/collections\/fresh-f2r-womens","text_alignment":"bottom left"}},"media_eGcXnj":{"type":"media","settings":{"image":"shopify:\/\/shop_images\/F2R_Jan_Lifestyle-174.png","enlarge_media":false,"subheading":"MEN'S APPAREL","title":"FRESH F2R","button_label":"SHOP NOW","link":"shopify:\/\/collections\/fresh-f2r-mens","text_alignment":"top right"}}},"block_order":["media_9AWyDQ","media_eGcXnj"],"settings":{"grid_desktop":2,"grid_mobile":"1","height":"fixed","desktop_image_height":460,"mobile_image_height":400,"title_size":30,"title_size_mobile":22,"enable_margin":true,"enable_row_spacing":true,"full_width":false,"color_scheme":"default","enable_carousel":true,"overlay_style":"full image-overlay--bg-shadow","button_style":"secondary-white"}},"hotspots_dQBnG6":{"type":"hotspots","blocks":{"hotspot_bddxHW":{"type":"hotspot","settings":{"hotspot_x":28,"hotspot_y":38,"hotspot_x_mobile":28,"hotspot_y_mobile":85,"heading":"Feature name","text":"<p>Share useful information about your product features.<\/p>","icon":"","icon_width":32}},"hotspot_ABMJUX":{"type":"hotspot","settings":{"hotspot_x":60,"hotspot_y":23,"hotspot_x_mobile":28,"hotspot_y_mobile":39,"heading":"","text":"","icon":"","icon_width":20}},"hotspot_WM4qR6":{"type":"hotspot","settings":{"hotspot_x":73,"hotspot_y":54,"hotspot_x_mobile":58,"hotspot_y_mobile":54,"heading":"Feature name","text":"<p>Share useful information about your product features.<\/p>","icon":"","icon_width":32}}},"block_order":["hotspot_bddxHW","hotspot_ABMJUX","hotspot_WM4qR6"],"disabled":true,"settings":{"image":"shopify:\/\/shop_images\/F2R_Jan_Lifestyle-140.jpg","mobile_image":"shopify:\/\/shop_images\/F2R_Jan_Lifestyle-149.jpg","hotspot_color":"#e2e2e2","button_content":"plus","outer_circle":"pulse","full_width":true,"text_alignment":"top left","overlay_style":"shadow","subheading":"","title":"","use_h1":false,"heading_max_width":10,"text":"","button_1_label":"","button_1_link":"","button_1_style":"secondary","button_2_label":"","button_2_link":"","button_2_style":"primary"}},"countdown_timer_UyNTCM":{"type":"countdown-timer","blocks":{"image_i3qMxW":{"type":"image","settings":{"image":"shopify:\/\/shop_images\/Asics_Logo_White.png","image_width":180,"url":""}},"subheading_Fq6RWq":{"type":"subheading","settings":{"subheading":"NEW"}},"heading_MPGQyA":{"type":"heading","settings":{"title":"CUMULUS 27","use_h1":false}},"subheading_HDHUfa":{"type":"subheading","settings":{"subheading":"SMOOTH, DAILY STRIDES"}},"countdown_bJWz4q":{"type":"countdown","settings":{"end_date":"2025-03-01","end_time":"","end_text":"","hide_on_end":true,"number_size":40,"number_font":"base","divider_type":"line","show_timer_labels":true}},"button_mR3Wi3":{"type":"button","settings":{"button_label":"SHOP NOW","button_link":"shopify:\/\/products\/asics-gel-cumulus-27-womens","button_style":"secondary-white"}}},"block_order":["image_i3qMxW","subheading_Fq6RWq","heading_MPGQyA","subheading_HDHUfa","countdown_bJWz4q","button_mR3Wi3"],"settings":{"show_image":true,"image":"shopify:\/\/shop_images\/SS25_GEL-CUMULUS-27_Highlight_shikotsu_shot_2_0099_FINAL.jpg","image_link":"","show_image_space":false,"image_position":"left","text_alignment":"center","color_scheme":"2"}},"shop_the_look_ETxURp":{"type":"shop-the-look","blocks":{"subheading_4UHQKP":{"type":"subheading","settings":{"subheading":"FEATURING GLYCERIN 22"}},"heading_cxmcmr":{"type":"heading","settings":{"title":"BROOKS","heading_max_width":10,"title_size":56,"title_size_mobile":26,"use_h1":false}},"text_djTGiX":{"type":"text","settings":{"text":"<p>SHOP FAVORITES FROM BROOKS<\/p>","enlarge_text":true}}},"block_order":["subheading_4UHQKP","heading_cxmcmr","text_djTGiX"],"settings":{"image":"shopify:\/\/shop_images\/S25_MAR_MIA_Glycerin_W1_2722.jpg","mobile_image":"shopify:\/\/shop_images\/S25_MAR_MIA_Glycerin_W1_2722.jpg","video_external":"","video_description":"","height":"fixed","height_desktop":600,"height_mobile":460,"product_list":["brooks-glycerin-22-womens-white-limpet-shell-amparo-blue","brooks-glycerin-22-womens-amparo-blue-hyper-iris-yellow","brooks-glycerin-max-mens","brooks-glycerin-22-mens-black-cobalt-neo-yellow","brooks-glycerin-22-mens-peacoat-blue-ribbon-orange","brooks-ghost-max-2-mens-honeydew-blue-white","brooks-glycerin-max-womens","brooks-ghost-16-womens-coconut-zephyr-white","brooks-ghost-max-2-womens-white-peach-coral","brooks-ghost-16-mens-blue-opal-black-nasturtium"],"products_alignment":"bottom left","product_card_layout":"landscape","show_swatches":true,"full_width":true,"text_alignment":"top right","mobile_overlay_over":false,"overlay_style":"shadow"}},"gallery_FK3PGn":{"type":"gallery","blocks":{"media_WpDh9x":{"type":"media","settings":{"enlarge_media":false,"subheading":"NEW FROM HOKA","title":"CIELO X1 2","button_label":"SHOP NOW","link":"","text_alignment":"top left"}},"media_V7tHnz":{"type":"media","settings":{"enlarge_media":false,"subheading":"NEW FROM HOKA","title":"BONDI 9","button_label":"SHOP NOW","link":"","text_alignment":"bottom right"}}},"block_order":["media_WpDh9x","media_V7tHnz"],"disabled":true,"settings":{"grid_desktop":2,"grid_mobile":"1","height":"fixed","desktop_image_height":460,"mobile_image_height":400,"title_size":30,"title_size_mobile":22,"enable_margin":true,"enable_row_spacing":true,"full_width":false,"color_scheme":"default","enable_carousel":true,"overlay_style":"full image-overlay--bg-shadow","button_style":"link"}},"gallery_cFkwFA":{"type":"gallery","blocks":{"media_Gq3Lwp":{"type":"media","settings":{"image":"shopify:\/\/shop_images\/USB0022-Nathan-Outdoor-Shoot1153_filtered.jpg","enlarge_media":true,"subheading":"","title":"RUN SAFELY","button_label":"SHOP NOW","link":"shopify:\/\/collections\/safety","text_alignment":"bottom left"}},"media_DUgcwD":{"type":"media","settings":{"image":"shopify:\/\/shop_images\/IMG_4678.jpg","enlarge_media":false,"subheading":"","title":"AETREX","button_label":"SHOP NOW","link":"shopify:\/\/collections\/aetrex","text_alignment":"bottom left"}},"media_tBrThj":{"type":"media","settings":{"image":"shopify:\/\/shop_images\/2_Lifestyle_e5f17417-25fc-4e7f-a8b0-fad55fe088d7.webp","enlarge_media":false,"subheading":"","title":"GOODR","button_label":"SHOP NOW","link":"shopify:\/\/collections\/goodr","text_alignment":"bottom left"}},"media_iaPgV7":{"type":"media","settings":{"image":"shopify:\/\/shop_images\/IMG_0079.jpg","enlarge_media":false,"subheading":"","title":"SOCKS","button_label":"SHOP NOW","link":"shopify:\/\/collections\/socks","text_alignment":"bottom left"}}},"block_order":["media_Gq3Lwp","media_DUgcwD","media_tBrThj","media_iaPgV7"],"custom_css":[],"settings":{"grid_desktop":4,"grid_mobile":"1","height":"fixed","desktop_image_height":460,"mobile_image_height":400,"title_size":30,"title_size_mobile":22,"enable_margin":true,"enable_row_spacing":true,"full_width":false,"color_scheme":"default","enable_carousel":true,"overlay_style":"full image-overlay--bg-shadow","button_style":"link"}},"image_with_text_overlay_FeRALK":{"type":"image-with-text-overlay","blocks":{"subheading_zmXz93":{"type":"subheading","settings":{"subheading":"GET 10% OFF FULL-PRICED ITEMS"}},"text_jFzCF8":{"type":"text","settings":{"text":"<h2><strong>CLUB MEMBERS <\/strong><em><strong>SAVE MORE<\/strong><\/em><\/h2>","enlarge_text":true}},"text_nTc8Xj":{"type":"text","disabled":true,"settings":{"text":"<h5><strong>GET 10% OFF FULL-PRICED ITEMS<\/strong><\/h5>","enlarge_text":false}},"button_GkVMGR":{"type":"button","settings":{"button_label":"JOIN THE CLUB","button_link":"shopify:\/\/pages\/f2r-club","button_style":"primary-black"}}},"block_order":["subheading_zmXz93","text_jFzCF8","text_nTc8Xj","button_GkVMGR"],"custom_css":[],"settings":{"image":"shopify:\/\/shop_images\/F2R_Club_Banner_aed4f090-e4fb-4415-8259-cbb61b150568.png","mobile_image":"shopify:\/\/shop_images\/F2R_Club_Banner_M_0df1ad4b-22c0-47c2-b945-d7e7173f385b.png","height":"fixed","height_desktop":420,"height_mobile":460,"image_link":"","full_width":true,"text_alignment":"bottom left","mobile_overlay_under":false,"overlay_style":"no_background"}},"product_list_X9jN7x":{"type":"product-list","disabled":true,"settings":{"title":"TOP GIFTS","product_list":["hoka-clifton-9-mens-oat-milk-barley","brooks-glycerin-max-mens","asics-superblast-2-unisex","on-cloudrunner-2-womens","hoka-bondi-8-mens-lime-glow-lemonade","on-cloud-5-womens-pearl-white","brooks-ghost-16-mens-black-forged-iron-blue","hoka-gaviota-5-womens-real-teal-shadow","asics-gel-nimbus-26-womens-white-fresh-air","on-cloud-x-v4-mens"],"show_vendor":false,"enable_carousel":true,"grid":4,"color_scheme":"1","full_width":true}},"scrolling_banner_ijn9Ec":{"type":"scrolling-banner","blocks":{"text_zYdTYD":{"type":"text","settings":{"text":"SALE","color":"rgba(0,0,0,0)","link":"","use_h1":false,"stencil_all_text":false,"stencil_text":""}}},"block_order":["text_zYdTYD"],"settings":{"full_width":true,"color_scheme":"2","text_size":20,"vertical_padding":19,"speed":37,"direction":"right","font":"heading","space":80}},"product_list_V6UWra":{"type":"product-list","settings":{"title":"SALE","product_list":["hoka-bondi-8-mens-lime-glow-lemonade","hoka-clifton-9-womens-vanilla-astral","brooks-glycerin-21-mens-blue-opal-black-nasturtium","on-cloud-5-womens-shell-white","asics-gel-nimbus-26-womens-light-celadon-safety-yellow","on-cloud-x-v3-mens","brooks-adrenaline-gts-23-womens-coconut-papaya-blue","asics-gel-cumulus-26-mens-blue-expanse-blue-teal"],"show_vendor":false,"enable_carousel":true,"grid":4,"color_scheme":"default","full_width":true}},"scrolling_banner_yzD3yA":{"type":"scrolling-banner","blocks":{"text_BdTcDB":{"type":"text","settings":{"text":"SALE","color":"rgba(0,0,0,0)","link":"","use_h1":false,"stencil_all_text":false,"stencil_text":""}}},"block_order":["text_BdTcDB"],"settings":{"full_width":true,"color_scheme":"2","text_size":20,"vertical_padding":19,"speed":37,"direction":"left","font":"heading","space":80}},"image_with_text_overlay_beK7gA":{"type":"image-with-text-overlay","blocks":{"subheading_4Jqhc9":{"type":"subheading","settings":{"subheading":"F2R BLOG"}},"text_Dhwyq7":{"type":"text","settings":{"text":"<h1>ULTIMATE LIST OF MUST-HAVE RUNNING GEAR THIS SPRING<\/h1>","enlarge_text":true}},"text_qj7Jmb":{"type":"text","settings":{"text":"<p>Whether you're hitting the pavement, tackling the trails, or simply getting back into the rhythm of regular runs, choosing the right gear will help you stay cool, supported, and motivated. In this guide, we'll break down the must-have running gear for spring, ensuring you're ready to embrace every mile with confidence.<\/p>","enlarge_text":false}},"button_gceM7R":{"type":"button","settings":{"button_label":"Learn More","button_link":"shopify:\/\/blogs\/news\/ultimate-list-of-must-have-running-gear-this-spring","button_style":"primary-black"}}},"block_order":["subheading_4Jqhc9","text_Dhwyq7","text_qj7Jmb","button_gceM7R"],"settings":{"image":"shopify:\/\/shop_images\/F2R_Jan_Lifestyle-91_2c6b0943-1b02-4692-abe4-f5f9c5d237cc.webp","height":"fixed","height_desktop":660,"height_mobile":460,"image_link":"","full_width":true,"text_alignment":"bottom left","mobile_overlay_under":false,"overlay_style":"full"}},"featured_blog_cLAYmP":{"type":"featured-blog","custom_css":["a {font-size: 22px;}"],"settings":{"title":"JOIN THE COMMUNITY","blog":"news","post_limit":3,"show_author":true,"show_date":true,"show_excerpts":true,"crop_ratio":"1.78","color_scheme":"2"}}},"order":["image_with_text_overlay_CAaLFG","background_video_gtYxET","background_video_A7EAPW","image_with_text_overlay_DrXrjM","gallery_qEqycg","scrolling_banner_pAzcmX","product_list_CYVi8H","gallery_ikPmQ9","hotspots_dQBnG6","countdown_timer_UyNTCM","shop_the_look_ETxURp","gallery_FK3PGn","gallery_cFkwFA","image_with_text_overlay_FeRALK","product_list_X9jN7x","scrolling_banner_ijn9Ec","product_list_V6UWra","scrolling_banner_yzD3yA","image_with_text_overlay_beK7gA","featured_blog_cLAYmP"]}