{"sections":{"main":{"type":"main-page","disabled":true,"settings":{"show_page_title":true,"full_width":false}},"image_with_text_overlay_Y4pMjK":{"type":"image-with-text-overlay","blocks":{"subheading_MniXhR":{"type":"subheading","settings":{"subheading":"FIT2RUN ORLANDO"}},"heading_b6fbYV":{"type":"heading","settings":{"title":"WATERFORD LAKES","heading_max_width":15,"title_size":84,"title_size_mobile":32,"use_h1":false}}},"block_order":["subheading_MniXhR","heading_b6fbYV"],"custom_css":[".text-overlay__text {color: #171717;}"],"settings":{"image":"shopify:\/\/shop_images\/white.png","height":"fixed","height_desktop":200,"height_mobile":160,"image_link":"","full_width":true,"text_alignment":"center center","mobile_overlay_under":false,"overlay_style":"no_background"}},"scrolling_banner_cyrRFn":{"type":"scrolling-banner","blocks":{"text_Wz9yfK":{"type":"text","settings":{"text":"RUN CLUB SUNDAYS @ 11:30 AM","color":"#f7f7f8","link":"","use_h1":false,"stencil_all_text":false,"stencil_text":""}}},"block_order":["text_Wz9yfK"],"settings":{"full_width":true,"color_scheme":"2","text_size":16,"vertical_padding":14,"speed":26,"direction":"left","font":"heading","space":90}},"map_4Xbeqk":{"type":"map","custom_css":["p {margin-bottom: 4px;}"],"settings":{"full_width":true,"color_scheme":"default","heading":"","address":"<h4>STORE HOURS:<\/h4><p>Monday: 11 AM - 7 PM<\/p><p>Tuesday: 10 AM - 9 PM<\/p><p>Wednesday: 10 AM - 9 PM<\/p><p>Thursday: 10 AM - 9 PM<\/p><p>Friday: 10 AM - 9 PM<\/p><p>Saturday: 10 AM - 9 PM<\/p><p>Sunday: 12 PM - 6 PM<\/p><h4>STORE PHONE #:<\/h4><h6>(407) 502-2456<\/h6><h4>ADDRESS:<\/h4><h6>789 N ALAFAYA TR, ORLANDO, FL 32828<\/h6>","button":"Directions","show_pin":true,"show_feature_image":false,"map_address":"789 N Alafaya Trail, Orlando 32828","api_key":"AIzaSyBXyIvH_A_lizFVtY8oXsx0Jg75whMenEI","map_type":"dynamic","map_style":"retro"}},"custom_content_D4UyGD":{"type":"custom-content","blocks":{"text_w7kkyn":{"type":"text","settings":{"width":"half","subheading":"","title":"BIKE SHOP","text":"","button_label":"EXPLORE MORE","button_link":"","button_style":"link","text_alignment":"center"}},"text_7hNmX9":{"type":"text","settings":{"width":"half","subheading":"","title":"SPOKE BIKE BAR","text":"","button_label":"EXPLORE MORE","button_link":"","button_style":"link","text_alignment":"center"}}},"block_order":["text_w7kkyn","text_7hNmX9"],"settings":{"alignment":"middle"}},"scrolling_banner_pE3wP7":{"type":"scrolling-banner","blocks":{"image_MyPiec":{"type":"image","settings":{"image":"shopify:\/\/shop_images\/Untitled-5.jpg","image_width":90,"link":"shopify:\/\/pages\/on-brand-page"}},"image_AYYycA":{"type":"image","settings":{"image":"shopify:\/\/shop_images\/Hoka_Logo.png","image_width":130,"link":"shopify:\/\/pages\/hoka-brand-page"}},"image_8PdPQf":{"type":"image","settings":{"image":"shopify:\/\/shop_images\/Asics_Logo.png","image_width":145,"link":"shopify:\/\/pages\/asics-brand-page"}},"image_w6m6Mf":{"type":"image","settings":{"image":"shopify:\/\/shop_images\/Brooks_Logo.png","image_width":220,"link":"shopify:\/\/pages\/brooks-brand-page"}}},"block_order":["image_MyPiec","image_AYYycA","image_8PdPQf","image_w6m6Mf"],"settings":{"full_width":true,"color_scheme":"default","text_size":50,"vertical_padding":7,"speed":26.5,"direction":"left","font":"heading","space":85}},"testimonials_M8crif":{"type":"testimonials","blocks":{"testimonial_EiFMfy":{"type":"testimonial","settings":{"star_rating":5,"testimonial":"I am so happy that I have met you guys and was able to receive such an outstanding experience because of the way you have treated me.","author":"INESSA C.","image":"shopify:\/\/shop_images\/Waterford_Lakes_3.png","image_caption":"","link":""}},"testimonial_H9G6yh":{"type":"testimonial","settings":{"star_rating":5,"testimonial":"Thanks for the great service! See you soon!","author":"YIGET O.","image":"shopify:\/\/shop_images\/Waterford_Lakes_1.png","image_caption":"","link":""}},"testimonial_LEPLHC":{"type":"testimonial","settings":{"star_rating":5,"testimonial":"Truly made our shopping experience 5 stars because the associate took his time with us and was extremely knowledgeable about the different shoes.","author":"RACHEL T.","image":"shopify:\/\/shop_images\/Waterford_Lakes_2.png","image_caption":"","link":""}}},"block_order":["testimonial_EiFMfy","testimonial_H9G6yh","testimonial_LEPLHC"],"settings":{"title":"Customer reviews","layout":"image-right","text_caps":false,"quote_text_size":25,"quote_text_size_mobile":20,"image_shape":"square","color_scheme":"default","autoplay":true,"autoplay_speed":5}},"rich_text_W9naHT":{"type":"rich-text","blocks":{"heading_VM9mPL":{"type":"heading","settings":{"title":"ABOUT WATERFORD LAKES","use_h1":false}},"text_ywVjhB":{"type":"text","settings":{"use_metadata":false,"text":"<p>No matter your fitness level, Fit2Run at Waterford Lakes Town Center has runners and walkers covered! Waterford Lakes Town Center is a premier open-air shopping center in Orlando, Florida that serves the communities of East Orlando, Winter Park, Oviedo, Titusville, and Lake Nona. Located just off of the 408 East-West Expressway and North Alafaya Trail, Waterford Lakes Town Center is a convenient drive for residents, tourists, and University of Central Florida students and faculty.<\/p><p>Fit2Run at Waterford Lakes Town Center is a one-stop running store and should be top on your list when visiting Disney World. Whether you live here year-round, seasonally or are just visiting, Florida is an ideal place for runners and athletes. A warm climate through all the seasons makes it the perfect place to train. Waterford Lakes Town Center is a destination in itself. It's also a great place to visit if you happen to be shopping or relaxing at one of this venue's numerous shops and restaurants. We carry all the best brands of running shoes and apparel here for men and women. Brooks Running, On Running, ASICS, and Hoka are just a few of the top manufacturers we represent. You can also choose among several styles of OOFOS recovery sandals here. These are ideal for nursing your aching feet, legs and back to health after a grueling competitive event or challenging workout.<\/p><p>If you're looking to get even more out of your visits to our store, consider joining Club Fit2Run. For a nominal annual fee, you'll enjoy great benefits. These include 10% discounts on most store or online purchases, a 30-day wear-test guarantee on all running footwear, VIP access to special events and sneak previews of exciting new products and services.<\/p>","enlarge_text":false}}},"block_order":["heading_VM9mPL","text_ywVjhB"],"settings":{"height":"medium","text_alignment":"center","full_width":false,"color_scheme":"default"}}},"order":["main","image_with_text_overlay_Y4pMjK","scrolling_banner_cyrRFn","map_4Xbeqk","custom_content_D4UyGD","scrolling_banner_pE3wP7","testimonials_M8crif","rich_text_W9naHT"]}