{"sections":{"main":{"type":"main-page","settings":{"show_page_title":true,"full_width":false}},"custom_content_PUcMmt":{"type":"custom-content","blocks":{"text_GQULzJ":{"type":"text","settings":{"width":"third","subheading":"","title":"North Florida","text":"<h5><a href=\"\/pages\/fit2run-avenues\" title=\"Fit2Run Avenues\">Avenues<\/a><\/h5><h5><a href=\"\/pages\/fit2run-cordova\" title=\"Fit2Run Cordova\">Cordova<\/a><\/h5><h5><a href=\"\/pages\/fit2run-destin\" title=\"Fit2Run Destin\">Destin<\/a><\/h5><h5><a href=\"\/pages\/fit2run-celebration-pointe\" title=\"Fit2Run Celebration Pointe\">Gainesville<\/a><\/h5><h5><a href=\"\/pages\/fit2run-ocala\" title=\"Fit2Run Ocala\">Ocala<\/a><\/h5><h5><a href=\"\/pages\/fit2run-orange-park\" title=\"Fit2Run Orange Park\">Orange Park<\/a><\/h5><h5><a href=\"\/pages\/fit2run-panama-city\" title=\"Fit2Run Panama City\">Panama City<\/a><\/h5>","button_label":"","button_link":"","button_style":"primary","text_alignment":"center"}},"text_MzcekV":{"type":"text","settings":{"width":"third","subheading":"","title":"East Florida","text":"<h5><a href=\"\/pages\/fit2run-altamonte-springs\" title=\"Fit2Run Altamonte Springs\">Altamonte <\/a><\/h5><h5><a href=\"\/pages\/fit2run-aventura\" title=\"Fit2Run Aventura\">Aventura <\/a><\/h5><h5><a href=\"\/pages\/fit2run-coconut-creek\" title=\"Fit2Run Coconut Creek\">Coconut Creek <\/a><\/h5><h5><a href=\"\/pages\/fit2run-dania-pointe\" title=\"Fit2Run Dania Pointe\">Dania Pointe <\/a><\/h5><h5><a href=\"\/pages\/fit2run-disney-springs\" title=\"Fit2Run Disney Springs\">Disney Springs <\/a><\/h5><h5><a href=\"\/pages\/fit2run-flamingo-crossings\" title=\"Fit2Run Flamingo Crossings\">Flamingo Crossings <\/a><\/h5><h5><a href=\"\/pages\/fit2run-key-west\" title=\"Fit2Run Key West\">Key West <\/a><\/h5><h5><a href=\"\/pages\/fit2run-mall-at-millenia\" title=\"Fit2Run Mall at Millenia\">Mall at Millenia<\/a><\/h5><h5><a href=\"\/pages\/fit2run-melbourne\" title=\"Fit2Run Melbourne\">Melbourne <\/a><\/h5><h5><a href=\"\/pages\/fit2run-wellington\" title=\"Fit2Run Wellington\">Wellington <\/a><\/h5><h5><a href=\"\/pages\/fit2run-palm-beach\" title=\"Fit2Run Palm Beach\">Palm Beach <\/a><\/h5><h5><a href=\"\/pages\/fit2run-treasure-coast\" title=\"Fit2Run Treasure Coast\">Treasure Coast<\/a><\/h5><h5><a href=\"\/pages\/fit2run-waterford-lakes\" title=\"Fit2Run Waterford Lakes\">Waterford Lakes <\/a><\/h5>","button_label":"","button_link":"","button_style":"primary","text_alignment":"center"}},"text_VeWTR6":{"type":"text","settings":{"width":"third","subheading":"","title":"West Florida","text":"<h5><a href=\"\/pages\/fit2run-bradenton\" title=\"Fit2Run Bradenton\">Bradenton <\/a><\/h5><h5><a href=\"\/pages\/fit2run-brandon\" title=\"Fit2Run Brandon\">Brandon<\/a><\/h5><h5><a href=\"\/pages\/fit2run-clearwater\" title=\"Fit2Run Clearwater\">Clearwater<\/a><\/h5><h5><a href=\"\/pages\/fit2run-ellenton\" title=\"Fit2Run Ellenton\">Ellenton Outlet Mall<\/a><\/h5><h5><a href=\"\/pages\/fit2run-estero\" title=\"Fit2Run Estero\">Estero<\/a><\/h5><h5><a href=\"\/pages\/fit2run-naples\" title=\"Fit2Run Naples\">Naples<\/a><\/h5><h5><a href=\"\/pages\/fit2run-sarasota-utc\" title=\"Fit2Run Sarasota UTC\">Sarasota UTC <\/a><\/h5><h5><a href=\"\/pages\/fit2run-st-petersburg\" title=\"Fit2Run St Petersburg\">St. Petersburg - <em>Coming April 2025<\/em><\/a><\/h5><h5><a href=\"\/pages\/fit2run-tampa\" title=\"Fit2Run Tampa\">Tampa<\/a><\/h5><h5><a href=\"\/pages\/fit2run-tyrone\" title=\"Fit2Run Tyrone\">Tyrone Square - <em>Coming February 2025<\/em><\/a><\/h5><h5><a href=\"\/pages\/fit2run-wesley-chapel\" title=\"Fit2Run Wesley Chapel\">Wesley Chapel <\/a><\/h5>","button_label":"","button_link":"","button_style":"primary","text_alignment":"center"}},"text_FkYKXH":{"type":"text","settings":{"width":"third","subheading":"","title":"Puerto Rico","text":"<h5><a href=\"\/pages\/fit2run-barceloneta\" title=\"Fit2Run Barceloneta\">Barceloneta Outlet Mall<\/a><\/h5><h5><a href=\"\/pages\/fit2run-fajardo\" title=\"Fit2Run Fajardo\">Fajardo<\/a><\/h5><h5><a href=\"\/pages\/fit2run-mayaguez\" title=\"Fit2Run Mayaguez\">Mayagüez Mall<\/a><\/h5><h5><a href=\"\/pages\/fit2run-san-juan\" title=\"Fit2Run San Juan\">San Juan Mall<\/a><\/h5><h5><a href=\"\/pages\/fit2run-plaza-del-caribe\" title=\"Fit2Run Plaza Del Caribe\">Plaza Del Caribe <\/a><\/h5><h5><a href=\"\/pages\/fit2run-plaza-del-sol\" title=\"Fit2Run Plaza Del Sol\">Plaza Del Sol <\/a><\/h5><h5><a href=\"\/pages\/fit2run-plaza-carolina\" title=\"Fit2Run Plaza Carolina\">Plaza Carolina<\/a><\/h5>","button_label":"","button_link":"","button_style":"primary","text_alignment":"center"}},"text_8GYP4K":{"type":"text","settings":{"width":"third","subheading":"","title":"Georgia","text":"<h5><a href=\"\/pages\/fit2run-augusta\" title=\"Fit2Run Augusta\">Augusta - <em>Coming February 2025<\/em><\/a><\/h5><h5><a href=\"\/pages\/fit2run-mall-of-georgia\" title=\"Fit2Run Mall of Georgia\">Mall of Georgia<\/a><\/h5><h5><a href=\"\/pages\/fit2run-perimeter\" title=\"Fit2Run Perimeter\">Perimeter Mall - <em>Coming April 2025<\/em><\/a><\/h5>","button_label":"","button_link":"","button_style":"primary","text_alignment":"center"}}},"block_order":["text_GQULzJ","text_MzcekV","text_VeWTR6","text_FkYKXH","text_8GYP4K"],"settings":{"alignment":"top"}}},"order":["main","custom_content_PUcMmt"]}