{"sections":{"main":{"type":"main-page","disabled":true,"settings":{"show_page_title":true,"full_width":false}},"image_with_text_overlay_Y4pMjK":{"type":"image-with-text-overlay","blocks":{"subheading_MniXhR":{"type":"subheading","settings":{"subheading":"FIT2RUN PUERTO RICO"}},"heading_b6fbYV":{"type":"heading","settings":{"title":"","heading_max_width":15,"title_size":84,"title_size_mobile":32,"use_h1":false}},"heading_rfxPJx":{"type":"heading","settings":{"title":"SAN JUAN","heading_max_width":15,"title_size":84,"title_size_mobile":32,"use_h1":false}}},"block_order":["subheading_MniXhR","heading_b6fbYV","heading_rfxPJx"],"custom_css":[".text-overlay__text {color: #171717;}"],"settings":{"image":"shopify:\/\/shop_images\/white.png","height":"fixed","height_desktop":200,"height_mobile":160,"image_link":"","full_width":true,"text_alignment":"center center","mobile_overlay_under":false,"overlay_style":"no_background"}},"scrolling_banner_cyrRFn":{"type":"scrolling-banner","blocks":{"text_Wz9yfK":{"type":"text","settings":{"text":"RUN CLUB TUESDAYS @ 6:00 PM","color":"#f7f7f8","link":"","use_h1":false,"stencil_all_text":false,"stencil_text":""}}},"block_order":["text_Wz9yfK"],"settings":{"full_width":true,"color_scheme":"2","text_size":16,"vertical_padding":14,"speed":26,"direction":"left","font":"heading","space":90}},"map_4Xbeqk":{"type":"map","custom_css":["p {margin-bottom: 4px;}"],"settings":{"full_width":true,"color_scheme":"default","heading":"","address":"<h4>STORE HOURS:<\/h4><p>Monday: 10 AM - 8 PM<\/p><p>Tuesday: 10 AM - 8 PM<\/p><p>Wednesday: 10 AM - 8 PM<\/p><p>Thursday: 10 AM - 8 PM<\/p><p>Friday: 10 AM - 9 PM<\/p><p>Saturday: 10 AM - 9 PM<\/p><p>Sunday: 11 AM - 7 PM<\/p><h4>STORE PHONE #:<\/h4><h6>(787) 302-0443<\/h6><h4>ADDRESS:<\/h4><h6>1000 THE MALL OF SAN JUAN BLVD SPACE 250, SAN JUAN, PR 00924<\/h6>","button":"Directions","show_pin":true,"show_feature_image":false,"map_address":"1000 The Mall of San Juan Blvd Space 250 San Juan, 00924","api_key":"AIzaSyBXyIvH_A_lizFVtY8oXsx0Jg75whMenEI","map_type":"dynamic","map_style":"retro"}},"custom_content_D4UyGD":{"type":"custom-content","settings":{"alignment":"middle"}},"scrolling_banner_pE3wP7":{"type":"scrolling-banner","blocks":{"image_MyPiec":{"type":"image","settings":{"image":"shopify:\/\/shop_images\/Untitled-5.jpg","image_width":90,"link":"shopify:\/\/pages\/on-brand-page"}},"image_AYYycA":{"type":"image","settings":{"image":"shopify:\/\/shop_images\/Hoka_Logo.png","image_width":130,"link":"shopify:\/\/pages\/hoka-brand-page"}},"image_8PdPQf":{"type":"image","settings":{"image":"shopify:\/\/shop_images\/Asics_Logo.png","image_width":145,"link":"shopify:\/\/pages\/asics-brand-page"}},"image_w6m6Mf":{"type":"image","settings":{"image":"shopify:\/\/shop_images\/Brooks_Logo.png","image_width":220,"link":"shopify:\/\/pages\/brooks-brand-page"}}},"block_order":["image_MyPiec","image_AYYycA","image_8PdPQf","image_w6m6Mf"],"settings":{"full_width":true,"color_scheme":"default","text_size":50,"vertical_padding":7,"speed":26.5,"direction":"left","font":"heading","space":85}},"testimonials_M8crif":{"type":"testimonials","blocks":{"testimonial_EiFMfy":{"type":"testimonial","settings":{"star_rating":5,"testimonial":"A great experience in this store! They guided me very well, and thanks to that, I am sure I made a good purchase. I also had my feet tested with a scanner, and I was amazed at what I learned at no cost! I definitely recommend this place for their excellent customer service and personalized service. 5 stars without a doubt!","author":"DON B.","image":"shopify:\/\/shop_images\/San_Juan_1.png","image_caption":"","link":""}},"testimonial_H9G6yh":{"type":"testimonial","settings":{"star_rating":5,"testimonial":"I had a great visit, the associate was just amazing!! So sharp and helpful. The shoes are comfortable and pretty.","author":"POLLYANN C.","image":"shopify:\/\/shop_images\/San_Juan_2.png","image_caption":"","link":""}},"testimonial_ETi3N4":{"type":"testimonial","settings":{"star_rating":5,"testimonial":"I got an excellent attention, detailed and professional orientation by the associate who went the extra mile to help me and I am very please with my new Brooks Glycerin pair!  As a health care provider I consider the foot care  and shoes that fit well essential for a good and balanced health and they are very well knowledgeable about that!","author":"NESTOR C.","image":"shopify:\/\/shop_images\/San_Juan_3.png","image_caption":"","link":""}}},"block_order":["testimonial_EiFMfy","testimonial_H9G6yh","testimonial_ETi3N4"],"settings":{"title":"Customer reviews","layout":"image-right","text_caps":false,"quote_text_size":25,"quote_text_size_mobile":20,"image_shape":"square","color_scheme":"default","autoplay":true,"autoplay_speed":5}},"rich_text_W9naHT":{"type":"rich-text","blocks":{"heading_VM9mPL":{"type":"heading","settings":{"title":"ABOUT SAN JUAN","use_h1":false}},"text_ywVjhB":{"type":"text","settings":{"use_metadata":false,"text":"<p>Conveniently located at The Mall of San Juan, a 5 minute drive from the international airport, Fit2Run San Juan is easy to find. Whether you are local or just visiting, you know you can count on the Fit Experts at Fit2Run to help you find your perfect fit.<\/p><p>Come into our store and let one of our Fit Experts walk you through our  complimentary Fit Process. We start by scanning your feet with our state of the art Albert 2 system where we are able to identify pressure points, arch type and so much more to pinpoint your feet’s specific needs. The scan is followed by a videotaped gait analysis to assess your running style and personal shoe needs. Then try out our recommended shoes on our in store track to make sure they really are the perfect fit for you.<\/p><p>Find the best brands in running gear like HOKA, Brooks, On Running, and ASICS. Once you're set up with the perfect fit shoes, check out the diverse selection of sports watches to help you monitor your performance and up your game as well as all the watch accessories you need, like charging cables and colorful watch bands. As well as setting you up for on the run needs we carry all the recovery needs for after your run.<\/p><p> From OOFOS recovery sandals, to compression socks, massage tools for discomforted and hurt muscles to knee supports we have everything you need for all stages of your running or walking.<\/p><p>Benefit even more from shopping at Fit2Run when you sign up for <a href=\"https:\/\/www.fit2run.com\/club-membership\">Club Fit2Run<\/a> for a small annual membership fee. Enjoy 10% off when you shop in-store or online, exclusive sales, 30-day footwear test, 2x points with every purchase and more when you join the Fit2Run family. <\/p><p>Looking for a friendly running group to join? Check out the F2R Run Club San Juan for their weekly run. Every Wednesday we meet at our store, and the run starts at 6:00pm. Always FREE to join and open to runners and walkers of all paces. #WeRunSanJuan<\/p>","enlarge_text":false}}},"block_order":["heading_VM9mPL","text_ywVjhB"],"settings":{"height":"medium","text_alignment":"center","full_width":false,"color_scheme":"default"}}},"order":["main","image_with_text_overlay_Y4pMjK","scrolling_banner_cyrRFn","map_4Xbeqk","custom_content_D4UyGD","scrolling_banner_pE3wP7","testimonials_M8crif","rich_text_W9naHT"]}