{"sections":{"main":{"type":"main-page","disabled":true,"settings":{"show_page_title":true,"full_width":false}},"image_with_text_overlay_Y4pMjK":{"type":"image-with-text-overlay","blocks":{"subheading_MniXhR":{"type":"subheading","settings":{"subheading":"FIT2RUN FLORIDA"}},"heading_b6fbYV":{"type":"heading","settings":{"title":"DANIA POINTE","heading_max_width":15,"title_size":84,"title_size_mobile":32,"use_h1":false}}},"block_order":["subheading_MniXhR","heading_b6fbYV"],"custom_css":[".text-overlay__text {color: #171717;}"],"settings":{"image":"shopify:\/\/shop_images\/white.png","height":"fixed","height_desktop":200,"height_mobile":160,"image_link":"","full_width":true,"text_alignment":"center center","mobile_overlay_under":false,"overlay_style":"no_background"}},"scrolling_banner_cyrRFn":{"type":"scrolling-banner","blocks":{"text_Wz9yfK":{"type":"text","settings":{"text":"RUN CLUB THURSDAYS @ 7:00 PM","color":"#f7f7f8","link":"","use_h1":false,"stencil_all_text":false,"stencil_text":""}}},"block_order":["text_Wz9yfK"],"settings":{"full_width":true,"color_scheme":"2","text_size":16,"vertical_padding":14,"speed":26,"direction":"left","font":"heading","space":90}},"map_4Xbeqk":{"type":"map","custom_css":["p {margin-bottom: 4px;}"],"settings":{"full_width":true,"color_scheme":"default","heading":"","address":"<h4>STORE HOURS:<\/h4><p>Monday: 10 AM - 9 PM<\/p><p>Tuesday: 10 AM - 9 PM<\/p><p>Wednesday: 10 AM - 9 PM<\/p><p>Thursday: 10 AM - 9 PM<\/p><p>Friday: 10 AM - 9 PM<\/p><p>Saturday: 10 AM - 9 PM<\/p><p>Sunday: 11 AM - 7 PM<\/p><h4>STORE PHONE #:<\/h4><h6>(754) 200-3828<\/h6><h4>ADDRESS:<\/h4><h6>1811 POINTE BLVD, DANIA BEACH, FL 33004<\/h6>","button":"Directions","show_pin":true,"show_feature_image":false,"map_address":"1811 Pointe Blvd Dania Beach, 33004","api_key":"AIzaSyBXyIvH_A_lizFVtY8oXsx0Jg75whMenEI","map_type":"dynamic","map_style":"retro"}},"custom_content_D4UyGD":{"type":"custom-content","settings":{"alignment":"middle"}},"scrolling_banner_pE3wP7":{"type":"scrolling-banner","blocks":{"image_MyPiec":{"type":"image","settings":{"image":"shopify:\/\/shop_images\/Untitled-5.jpg","image_width":90,"link":"shopify:\/\/pages\/on-brand-page"}},"image_AYYycA":{"type":"image","settings":{"image":"shopify:\/\/shop_images\/Hoka_Logo.png","image_width":130,"link":"shopify:\/\/pages\/hoka-brand-page"}},"image_8PdPQf":{"type":"image","settings":{"image":"shopify:\/\/shop_images\/Asics_Logo.png","image_width":145,"link":"shopify:\/\/pages\/asics-brand-page"}},"image_w6m6Mf":{"type":"image","settings":{"image":"shopify:\/\/shop_images\/Brooks_Logo.png","image_width":220,"link":"shopify:\/\/pages\/brooks-brand-page"}}},"block_order":["image_MyPiec","image_AYYycA","image_8PdPQf","image_w6m6Mf"],"settings":{"full_width":true,"color_scheme":"default","text_size":50,"vertical_padding":7,"speed":12,"direction":"left","font":"heading","space":85}},"testimonials_M8crif":{"type":"testimonials","blocks":{"testimonial_EiFMfy":{"type":"testimonial","settings":{"star_rating":5,"testimonial":"Great show store for all your walking and running needs. Excellent customer service! I'll be back for my next pair!","author":"JEB B.","image":"shopify:\/\/shop_images\/Dania_Pointe_3.png","image_caption":"","link":""}},"testimonial_H9G6yh":{"type":"testimonial","settings":{"star_rating":5,"testimonial":"The associate was awesome! Very informative and so knowledgeable, brought me out 6 different pairs of shoes and was willing to work with me on each pair. He fit my feet and got the perfect pair for me! He is awesome and a huge asset!","author":"JENNIFER L.","image":"shopify:\/\/shop_images\/Dania_Pointe_2.png","image_caption":"","link":""}},"testimonial_NJXtJV":{"type":"testimonial","settings":{"star_rating":5,"testimonial":"Came here and I did not expect it to be life changing. Thank you to the associates who went above and beyond to explain to my boyfriend and I about orthotics. They do a foot scan and it was really worth every penny I spent there. Definitely coming back!","author":"KATHERINE W.","image":"shopify:\/\/shop_images\/Dania_Pointe_1.png","image_caption":"","link":""}}},"block_order":["testimonial_EiFMfy","testimonial_H9G6yh","testimonial_NJXtJV"],"settings":{"title":"Customer reviews","layout":"image-right","text_caps":false,"quote_text_size":25,"quote_text_size_mobile":20,"image_shape":"square","color_scheme":"default","autoplay":true,"autoplay_speed":5}},"rich_text_W9naHT":{"type":"rich-text","blocks":{"heading_VM9mPL":{"type":"heading","settings":{"title":"ABOUT DANIA POINTE","use_h1":false}},"text_ywVjhB":{"type":"text","settings":{"use_metadata":false,"text":"<p>If you are in South Florida and looking for shoe stores, Fort Lauderdale offers lots of choices. But if you are really serious about your running or walking, one store stands out. As our name suggests, at the Fit2Run store at Dania Pointe in Dania Beach, Florida, we know fit. We are dedicated to ensuring you get athletic footwear that's right for you. Shop at Fit2Run and stay awhile to explore the numerous restaurants, shops, and entertainment at the Dania Pointe mall.<\/p><p>When you come to our store, we can provide you with a complimentary videotaped gait analysis that will help you select the right shoe for your specific foot type and the type of running or walking you do. Next, you can step onto our Aetrex Albert 2 foot scanner. It will instantly identify your foot type, pressure points and shoe size, further refining your search for the perfect running shoes.<\/p><p>You'll find all the best brands here, like Brooks, On Running, ASICS and Hoka. To pamper your feet and body after a strenuous workout or just to relieve general pain and discomfort, check out a pair of our OOFOS recovery sandals. They're also great for strolling on Florida's beautiful beaches or walking around town while enjoying the warm weather.<\/p><p>You'll also find plenty of other running gear here, like athletic socks, running hats, performance apparel, and more.<\/p><p>Benefit even more from shopping at Fit2Run for training shoes, running clothes and more when you sign up for <a href=\"https:\/\/www.fit2run.com\/club-membership\">Club Fit2Run<\/a> for a small annual membership fee. Our fit is your fit, and this is especially true for our members. Enjoy 10% off when you shop online or in-store, exclusive sales, 30-day wear-test guarantees on running shoes, VIP access to special events and more when you join the Fit2Run family.<\/p>","enlarge_text":false}}},"block_order":["heading_VM9mPL","text_ywVjhB"],"settings":{"height":"medium","text_alignment":"center","full_width":false,"color_scheme":"default"}}},"order":["main","image_with_text_overlay_Y4pMjK","scrolling_banner_cyrRFn","map_4Xbeqk","custom_content_D4UyGD","scrolling_banner_pE3wP7","testimonials_M8crif","rich_text_W9naHT"]}