{"sections":{"main":{"type":"main-page","disabled":true,"settings":{"show_page_title":true,"full_width":false}},"image_with_text_overlay_Y4pMjK":{"type":"image-with-text-overlay","blocks":{"subheading_MniXhR":{"type":"subheading","settings":{"subheading":"FIT2RUN PALM BEACH"}},"heading_b6fbYV":{"type":"heading","settings":{"title":"PALM BEACH GARDENS","heading_max_width":15,"title_size":84,"title_size_mobile":32,"use_h1":false}}},"block_order":["subheading_MniXhR","heading_b6fbYV"],"custom_css":[".text-overlay__text {color: #171717;}"],"settings":{"image":"shopify:\/\/shop_images\/white.png","height":"fixed","height_desktop":200,"height_mobile":160,"image_link":"","full_width":true,"text_alignment":"center center","mobile_overlay_under":false,"overlay_style":"no_background"}},"scrolling_banner_cyrRFn":{"type":"scrolling-banner","blocks":{"text_Wz9yfK":{"type":"text","settings":{"text":"RUN CLUB WEDNESDAYS @ 6:30 PM","color":"#f7f7f8","link":"","use_h1":false,"stencil_all_text":false,"stencil_text":""}}},"block_order":["text_Wz9yfK"],"settings":{"full_width":true,"color_scheme":"2","text_size":16,"vertical_padding":14,"speed":26,"direction":"left","font":"heading","space":90}},"map_4Xbeqk":{"type":"map","custom_css":["p {margin-bottom: 4px;}"],"settings":{"full_width":true,"color_scheme":"default","heading":"","address":"<h4>STORE HOURS:<\/h4><p>Monday: 10 AM - 8 PM<\/p><p>Tuesday: 10 AM - 8 PM<\/p><p>Wednesday: 10 AM - 8 PM<\/p><p>Thursday: 10 AM - 8 PM<\/p><p>Friday: 10 AM - 8 PM<\/p><p>Saturday: 10 AM - 8 PM<\/p><p>Sunday: 12 PM - 6 PM<\/p><h4>STORE PHONE #:<\/h4><h6>(561) 972-2909<\/h6><h4>ADDRESS:<\/h4><h6>3101 PGA BLVD SUITE N221, PALM BEACH GARDENS, FL 33410<\/h6>","button":"Directions","show_pin":true,"show_feature_image":false,"map_address":"3101 PGA Blvd Suite N221 Palm Beach Gardens, 33410","api_key":"AIzaSyBXyIvH_A_lizFVtY8oXsx0Jg75whMenEI","map_type":"dynamic","map_style":"retro"}},"custom_content_D4UyGD":{"type":"custom-content","settings":{"alignment":"middle"}},"scrolling_banner_pE3wP7":{"type":"scrolling-banner","blocks":{"image_MyPiec":{"type":"image","settings":{"image":"shopify:\/\/shop_images\/Untitled-5.jpg","image_width":90,"link":"shopify:\/\/pages\/on-brand-page"}},"image_AYYycA":{"type":"image","settings":{"image":"shopify:\/\/shop_images\/Hoka_Logo.png","image_width":130,"link":"shopify:\/\/pages\/hoka-brand-page"}},"image_8PdPQf":{"type":"image","settings":{"image":"shopify:\/\/shop_images\/Asics_Logo.png","image_width":145,"link":"shopify:\/\/pages\/asics-brand-page"}},"image_w6m6Mf":{"type":"image","settings":{"image":"shopify:\/\/shop_images\/Brooks_Logo.png","image_width":220,"link":"shopify:\/\/pages\/brooks-brand-page"}}},"block_order":["image_MyPiec","image_AYYycA","image_8PdPQf","image_w6m6Mf"],"settings":{"full_width":true,"color_scheme":"default","text_size":50,"vertical_padding":7,"speed":26.5,"direction":"left","font":"heading","space":85}},"testimonials_M8crif":{"type":"testimonials","blocks":{"testimonial_H9G6yh":{"type":"testimonial","settings":{"star_rating":5,"testimonial":"This was honestly one of my best experiences at a store.","author":"KAYLA S.","image_caption":"","link":""}},"testimonial_BQrJB3":{"type":"testimonial","settings":{"star_rating":5,"testimonial":"Staff at PGA are always awesome and so kind. Thank you Evan for all your help, I appreciate you!","author":"JENN K.","image_caption":"","link":""}},"testimonial_MjdxiR":{"type":"testimonial","settings":{"star_rating":5,"testimonial":"Great service great selection knowledgeable staff.","author":"BRENDEN S.","image_caption":"","link":""}}},"block_order":["testimonial_H9G6yh","testimonial_BQrJB3","testimonial_MjdxiR"],"settings":{"title":"Customer reviews","layout":"no-image","text_caps":false,"quote_text_size":25,"quote_text_size_mobile":20,"image_shape":"square","color_scheme":"default","autoplay":true,"autoplay_speed":5}},"rich_text_W9naHT":{"type":"rich-text","blocks":{"heading_VM9mPL":{"type":"heading","settings":{"title":"ABOUT PALM BEACH GARDENS","use_h1":false}},"text_ywVjhB":{"type":"text","settings":{"use_metadata":false,"text":"<p>If you are looking for a one-stop running store, Fit2Run Palm Beach Gardens should be top on your list. Whether you live here year-round, seasonally or are just visiting, Florida is an ideal place for runners and athletes. A warm climate through all the seasons makes it the perfect place to train.<\/p><p>Located in the upscale Gardens Mall, the Fit2Run running store in Palm Beach Gardens is a destination in itself. It's also a great place to visit if you happen to be shopping or relaxing at one of this venue's 160 specialty shops and restaurants.<\/p><p>We carry all the best brands of running shoes here for men and women. Brooks Running, ASICS, Hoka, and On Running are just a few of the top brands we represent. You can also choose among several styles of OOFOS recovery sandals here. <\/p><p>Do you love running, but long for some company to share your excitement with? Now you can run with some like-minded individuals for support and fun with Fit2Run. Come run with our F2R Run Club and become a part of the coolest, most inclusive running club.Fit2Run Palm Beach offers a weekly run club Wednesday night at 6:30pm. The run club includes walk and run routes with pre-workout dynamic stretching and motivation\/accountability for all pace levels<\/p><p>If you're looking to get even more out of your visits to our store, consider <a href=\"https:\/\/www.fit2run.com\/club-membership\">joining Club Fit2Run<\/a>. For a nominal annual fee, you'll enjoy great benefits. These include 10% discounts on most store or online purchases, a 30-day wear-test guarantee on all running footwear, VIP access to special events and sneak previews of exciting new products and services.<\/p>","enlarge_text":false}}},"block_order":["heading_VM9mPL","text_ywVjhB"],"settings":{"height":"medium","text_alignment":"center","full_width":false,"color_scheme":"default"}}},"order":["main","image_with_text_overlay_Y4pMjK","scrolling_banner_cyrRFn","map_4Xbeqk","custom_content_D4UyGD","scrolling_banner_pE3wP7","testimonials_M8crif","rich_text_W9naHT"]}