{"sections":{"main":{"type":"main-page","disabled":true,"settings":{"show_page_title":true,"full_width":false}},"image_with_text_overlay_Y4pMjK":{"type":"image-with-text-overlay","blocks":{"subheading_MniXhR":{"type":"subheading","settings":{"subheading":"FIT2RUN PLAZA DEL SOL"}},"heading_b6fbYV":{"type":"heading","settings":{"title":"BAYAMÓN","heading_max_width":15,"title_size":84,"title_size_mobile":32,"use_h1":false}}},"block_order":["subheading_MniXhR","heading_b6fbYV"],"custom_css":[".text-overlay__text {color: #171717;}"],"settings":{"image":"shopify:\/\/shop_images\/white.png","height":"fixed","height_desktop":200,"height_mobile":160,"image_link":"","full_width":true,"text_alignment":"center center","mobile_overlay_under":false,"overlay_style":"no_background"}},"scrolling_banner_cyrRFn":{"type":"scrolling-banner","blocks":{"text_Wz9yfK":{"type":"text","settings":{"text":"RUN CLUB THURSDAYS @ 6:00 PM","color":"#f7f7f8","link":"","use_h1":false,"stencil_all_text":false,"stencil_text":""}}},"block_order":["text_Wz9yfK"],"settings":{"full_width":true,"color_scheme":"2","text_size":16,"vertical_padding":14,"speed":26,"direction":"left","font":"heading","space":90}},"map_4Xbeqk":{"type":"map","custom_css":["p {margin-bottom: 4px;}"],"settings":{"full_width":true,"color_scheme":"default","heading":"","address":"<h4>STORE HOURS:<\/h4><p>Monday: 9 AM - 9 PM<\/p><p>Tuesday: 9 AM - 9 PM<\/p><p>Wednesday: 9 AM - 9 PM<\/p><p>Thursday: 9 AM - 9 PM<\/p><p>Friday: 9 AM - 9 PM<\/p><p>Saturday: 9 AM - 9 PM<\/p><p>Sunday: 11 AM - 7 PM<\/p><h4>STORE PHONE #:<\/h4><h6>(850) 203-9077<\/h6><h4>ADDRESS:<\/h4><h6>725 W MAIN AVE, BAYAMÓN, PR 961 <\/h6>","button":"Directions","show_pin":true,"show_feature_image":false,"map_address":"725 W MAIN AVE BAYAMÓN, PR 961","api_key":"AIzaSyBXyIvH_A_lizFVtY8oXsx0Jg75whMenEI","map_type":"dynamic","map_style":"retro"}},"custom_content_D4UyGD":{"type":"custom-content","settings":{"alignment":"middle"}},"scrolling_banner_pE3wP7":{"type":"scrolling-banner","blocks":{"image_MyPiec":{"type":"image","settings":{"image":"shopify:\/\/shop_images\/Untitled-5.jpg","image_width":90,"link":"shopify:\/\/pages\/on-brand-page"}},"image_AYYycA":{"type":"image","settings":{"image":"shopify:\/\/shop_images\/Hoka_Logo.png","image_width":130,"link":"shopify:\/\/pages\/hoka-brand-page"}},"image_8PdPQf":{"type":"image","settings":{"image":"shopify:\/\/shop_images\/Asics_Logo.png","image_width":145,"link":"shopify:\/\/pages\/asics-brand-page"}},"image_w6m6Mf":{"type":"image","settings":{"image":"shopify:\/\/shop_images\/Brooks_Logo.png","image_width":220,"link":"shopify:\/\/pages\/brooks-brand-page"}}},"block_order":["image_MyPiec","image_AYYycA","image_8PdPQf","image_w6m6Mf"],"settings":{"full_width":true,"color_scheme":"default","text_size":50,"vertical_padding":7,"speed":26.5,"direction":"left","font":"heading","space":85}},"testimonials_M8crif":{"type":"testimonials","blocks":{"testimonial_EiFMfy":{"type":"testimonial","settings":{"star_rating":5,"testimonial":"Excellent service, very attentive and well-educated employees.","author":"DALMARY R.","image":"shopify:\/\/shop_images\/Plaza_Del_Sol_3.png","image_caption":"","link":""}},"testimonial_H9G6yh":{"type":"testimonial","settings":{"star_rating":5,"testimonial":"Excellent service, excellent employees, dedicated to service.","author":"ANDY B.","image":"shopify:\/\/shop_images\/Plaza_Del_Sol_2.png","image_caption":"","link":""}},"testimonial_XfhbbM":{"type":"testimonial","settings":{"star_rating":5,"testimonial":"My experience was a delightful one. The sales rep was very helpful and knowledgeable. He help me from beginning to end. I was very grateful.","author":"HAIDE C.","image":"shopify:\/\/shop_images\/Plaza_Del_Sol_1.png","image_caption":"","link":""}}},"block_order":["testimonial_EiFMfy","testimonial_H9G6yh","testimonial_XfhbbM"],"settings":{"title":"Customer reviews","layout":"image-right","text_caps":false,"quote_text_size":25,"quote_text_size_mobile":20,"image_shape":"square","color_scheme":"default","autoplay":true,"autoplay_speed":5}},"rich_text_W9naHT":{"type":"rich-text","blocks":{"heading_VM9mPL":{"type":"heading","settings":{"title":"PLAZA DEL SOL","use_h1":false}},"text_ywVjhB":{"type":"text","settings":{"use_metadata":false,"text":"<p>If you are in the beautiful city of Bayamón in Puerto Rico and are looking for running shoes and gear, Fit2Run at Plaza Del Sol is the place to go. If you are really serious about your running or walking, one store stands out. At Fit2Run, the Runner’s Superstore we know fit. We are dedicated to finding the perfect fit shoe and running gear that's right for you.<\/p><p>When you come to our store, our Fit Experts will provide you with  our complimentary Fit Process to find the right shoes for your needs. Starting with our Albert 2 System which will scan your feet to identify your foot type, pressure points and arch levels followed by a videotaped gait analysis to recognize your running or walking style so we can recommend the best shoes for your specific needs.  <\/p><p>You will always find the best brands at Fit2Run, like ON, ASICS, Brooks, HOKA, and more.  Pamper your feet and body after a strenuous workout or relieve general pain and discomfort, with a pair of our OOFOS recovery sandals As well as all the running accessories you will need to make your run journey a pleasant one. From running socks, to massage rollers and nutrition made just for runners, we have it all! Track and monitor your progress with our diverse selection of Garmin and other sports watches. Whether you're just visiting the island or live here, come visit us and see what we have in store for you.Benefit even more from shopping at Fit2Run when you sign up for <a href=\"https:\/\/www.fit2run.com\/club-membership\">Club Fit2Run<\/a> for a small annual membership fee. Enjoy 10% off when you shop in-store or online, exclusive sales, 30-day footwear test, 2x points with every purchase and more when you join the Fit2Run family. <\/p>","enlarge_text":false}}},"block_order":["heading_VM9mPL","text_ywVjhB"],"settings":{"height":"medium","text_alignment":"center","full_width":false,"color_scheme":"default"}}},"order":["main","image_with_text_overlay_Y4pMjK","scrolling_banner_cyrRFn","map_4Xbeqk","custom_content_D4UyGD","scrolling_banner_pE3wP7","testimonials_M8crif","rich_text_W9naHT"]}