{"sections":{"main":{"type":"main-page","disabled":true,"settings":{"show_page_title":true,"full_width":false}},"background_video_3k9X8a":{"type":"background-video","blocks":{"subheading_4YgYn9":{"type":"subheading","settings":{"subheading":"EST. 2006"}},"heading_nYx6DK":{"type":"heading","settings":{"title":"FIT2RUN","heading_max_width":15,"title_size":112,"title_size_mobile":66,"use_h1":false}}},"block_order":["subheading_4YgYn9","heading_nYx6DK"],"settings":{"video_shopify":"shopify:\/\/files\/videos\/Fit2Run Teaser 1.mp4","video_external":"https:\/\/www.youtube.com\/watch?v=_9VUPq3SxOc","video_description":"","text_alignment":"center center","height_desktop":380,"height_mobile":380,"full_width":true,"overlay_style":"full image-overlay--bg-shadow"}},"scrolling_banner_eKWHBy":{"type":"scrolling-banner","blocks":{"text_Mrkk6L":{"type":"text","settings":{"text":"EVERYONE IS A RUNNER","color":"rgba(0,0,0,0)","link":"","use_h1":false,"stencil_all_text":false,"stencil_text":""}},"text_UFxAHk":{"type":"text","settings":{"text":"SERVICE ABOVE ALL ELSE","color":"rgba(0,0,0,0)","link":"","use_h1":false,"stencil_all_text":false,"stencil_text":""}},"text_PhknxK":{"type":"text","settings":{"text":"FAMILY MATTERS","color":"rgba(0,0,0,0)","link":"","use_h1":false,"stencil_all_text":false,"stencil_text":""}},"text_EJm47J":{"type":"text","settings":{"text":"RUN, SHOP, TRAIN LOCAL","color":"rgba(0,0,0,0)","link":"","use_h1":false,"stencil_all_text":false,"stencil_text":""}},"text_wwyMgM":{"type":"text","settings":{"text":"WE ARE THE RUNNER’S SUPERSTORE","color":"rgba(0,0,0,0)","link":"","use_h1":false,"stencil_all_text":false,"stencil_text":""}}},"block_order":["text_Mrkk6L","text_UFxAHk","text_PhknxK","text_EJm47J","text_wwyMgM"],"settings":{"full_width":true,"color_scheme":"2","text_size":20,"vertical_padding":19,"speed":19.5,"direction":"left","font":"heading","space":70}},"rich_text_mRqLnc":{"type":"rich-text","blocks":{"text_9KU76n":{"type":"text","settings":{"use_metadata":false,"text":"<p>We are a family-owned and locally operated specialty running retailer dedicated to supporting our local communities with the resources to promote a healthy lifestyle, with an emphasis on selection, events and above all, service.<\/p>","enlarge_text":true}}},"block_order":["text_9KU76n"],"settings":{"height":"small","text_alignment":"center","full_width":false,"color_scheme":"default"}},"image_with_text_4JbtXx":{"type":"image-with-text","blocks":{"heading_ifQWEF":{"type":"heading","settings":{"title":"We're not just a brand","use_h1":false}},"text_G8jrra":{"type":"text","settings":{"text":"<p>We’re a movement towards a brighter, healthier future. Beyond being your trusted runner’s superstore, we’re deeply embedded in the running community and beyond. We strive to provide the communities that we serve with the expertise and resources that individuals need to achieve their wellness goals. From our knowledgeable staff to our race division, Fit2Time Race Management, and our passionate community ambassadors, our ultimate goal is to spread the joy of running and the spirit of perseverance.<\/p>","enlarge_text":false}}},"block_order":["heading_ifQWEF","text_G8jrra"],"settings":{"image":"shopify:\/\/shop_images\/Artboard_1_copy.png","image_2":"shopify:\/\/shop_images\/Artboard_1.png","image_width":700,"image_link":"","image_position":"left","text_alignment":"right","color_scheme":"default"}},"rich_text_RdbWJz":{"type":"rich-text","blocks":{"heading_KTY9EY":{"type":"heading","settings":{"title":"Since our establishment in 2006","use_h1":false}},"text_3qVbTC":{"type":"text","settings":{"use_metadata":false,"text":"<p>Our growth both digitally and in our physical locations has been nothing short of remarkable. Currently serving communities in Florida and Puerto Rico, we’re committed to expanding our reach and influence within the running world. Our brick-and-mortar locations and digital resources offered continue to be hubs of inspiration and support, fueling our customers with the drive to chase their dreams relentlessly.<\/p>","enlarge_text":false}}},"block_order":["heading_KTY9EY","text_3qVbTC"],"settings":{"height":"medium","text_alignment":"center","full_width":false,"color_scheme":"default"}},"image_with_text_overlay_86tzhE":{"type":"image-with-text-overlay","settings":{"image":"shopify:\/\/shop_images\/Map2.png","height":"adapt","height_desktop":440,"height_mobile":600,"image_link":"","full_width":true,"text_alignment":"center center","mobile_overlay_under":false,"overlay_style":"shadow"}},"image_with_text_fEdLjj":{"type":"image-with-text","blocks":{"heading_7DgRJj":{"type":"heading","settings":{"title":"Running isn’t just about personal triumphs","use_h1":false}},"text_mWdGCE":{"type":"text","settings":{"text":"<p>it’s about giving back and making a difference. That’s why we take immense pride in having established the Big Bill Foundation, where we award scholarships to young adults who have shown remarkable resilience in their battle against cancer. In honor of CEO Parks Robinson’s late father Bill Robinson, founder of Fit2Run, the Big Bill Foundation is an expression of ongoing efforts to contribute to a cause greater than ourselves.<\/p>","enlarge_text":false}}},"block_order":["heading_7DgRJj","text_mWdGCE"],"settings":{"image":"shopify:\/\/shop_images\/Bill_and_Parks_UTC_2.jpg","image_2":"shopify:\/\/shop_images\/Photo-Bill_and_Parks_2013.jpg","image_width":700,"image_link":"","image_position":"right","text_alignment":"left","color_scheme":"default"}},"rich_text_n7AtEM":{"type":"rich-text","blocks":{"text_bg6Ubd":{"type":"text","settings":{"use_metadata":false,"text":"<p>We strive to be  a source of inspiration and unwavering support on your running journey, each step of the way. The intersection of passion and purpose, at Fit2Run we firmly believe that everyone is a runner, and we aim to create an inclusive environment that celebrates the sheer joy of running. <\/p>","enlarge_text":true}}},"block_order":["text_bg6Ubd"],"settings":{"height":"medium","text_alignment":"center","full_width":false,"color_scheme":"default"}},"gallery_g9DXEA":{"type":"gallery","blocks":{"media_zFFUpG":{"type":"media","settings":{"image":"shopify:\/\/shop_images\/IMG_5830.jpg","enlarge_media":true,"subheading":"","title":"","button_label":"Store Locator","link":"shopify:\/\/pages\/store-locator","text_alignment":"bottom left"}},"media_jrVw9B":{"type":"media","settings":{"image":"shopify:\/\/shop_images\/IMG_9208.jpg","enlarge_media":false,"subheading":"","title":"","button_label":"brands","link":"shopify:\/\/pages\/test-brand-page","text_alignment":"bottom right"}},"media_eMqNbi":{"type":"media","settings":{"image":"shopify:\/\/shop_images\/IMG_3762.jpg","enlarge_media":false,"subheading":"","title":"","button_label":"big bill foundation","link":"shopify:\/\/pages\/the-big-bill-foundation","text_alignment":"bottom left"}},"media_JtFQfF":{"type":"media","settings":{"image":"shopify:\/\/shop_images\/IMG_1680.jpg","enlarge_media":true,"subheading":"","title":"","button_label":"races","link":"shopify:\/\/pages\/fit2time-race-management","text_alignment":"bottom right"}}},"block_order":["media_zFFUpG","media_jrVw9B","media_eMqNbi","media_JtFQfF"],"settings":{"grid_desktop":2,"grid_mobile":"1","height":"fixed","desktop_image_height":460,"mobile_image_height":400,"title_size":30,"title_size_mobile":22,"enable_margin":true,"enable_row_spacing":true,"full_width":false,"color_scheme":"default","enable_carousel":true,"overlay_style":"no_background","button_style":"primary"}}},"order":["main","background_video_3k9X8a","scrolling_banner_eKWHBy","rich_text_mRqLnc","image_with_text_4JbtXx","rich_text_RdbWJz","image_with_text_overlay_86tzhE","image_with_text_fEdLjj","rich_text_n7AtEM","gallery_g9DXEA"]}