{"sections":{"main":{"type":"main-page","disabled":true,"settings":{"show_page_title":true,"full_width":false}},"background_video_ig9YKP":{"type":"background-video","blocks":{"heading_CjzAtB":{"type":"heading","settings":{"title":"ASICS","heading_max_width":17,"title_size":150,"title_size_mobile":100,"use_h1":false}},"subheading_PdEFQa":{"type":"subheading","settings":{"subheading":"FOOTWEAR | APPAREL"}},"button_QQxKde":{"type":"button","settings":{"button_label":"SHOP ALL","button_link":"shopify:\/\/collections\/asics","button_style":"link"}}},"block_order":["heading_CjzAtB","subheading_PdEFQa","button_QQxKde"],"settings":{"video_shopify":"shopify:\/\/files\/videos\/AW24_CELEBRATION-OF-SPORT_Social-Video_RACING_NOOSA_LEO_HERO_16x9_CLEAN.mp4","video_external":"https:\/\/www.youtube.com\/watch?v=_9VUPq3SxOc","video_description":"","text_alignment":"center center","height_desktop":380,"height_mobile":460,"full_width":true,"overlay_style":"full image-overlay--bg-shadow"}},"scrolling_banner_K7j79w":{"type":"scrolling-banner","blocks":{"image_cUxN8F":{"type":"image","settings":{"image":"shopify:\/\/shop_images\/f2r_x_asics.png","image_width":275,"link":""}}},"block_order":["image_cUxN8F"],"settings":{"full_width":true,"color_scheme":"2","text_size":16,"vertical_padding":9,"speed":35,"direction":"left","font":"heading","space":100}},"custom_content_tgQ66e":{"type":"custom-content","blocks":{"text_Xdp3n9":{"type":"text","settings":{"width":"half","subheading":"","title":"FOOTWEAR","text":"","button_label":"EXPLORE MORE","button_link":"shopify:\/\/collections\/asics-footwear","button_style":"link","text_alignment":"center"}},"text_fVf7EB":{"type":"text","settings":{"width":"half","subheading":"","title":"APPAREL","text":"","button_label":"EXPLORE MORE","button_link":"shopify:\/\/collections\/asics-apparel","button_style":"link","text_alignment":"center"}}},"block_order":["text_Xdp3n9","text_fVf7EB"],"settings":{"alignment":"middle"}},"image_with_text_overlay_4kyCfy":{"type":"image-with-text-overlay","blocks":{"subheading_px8axf":{"type":"subheading","settings":{"subheading":"RESPONSIVE & ENERGIZED"}},"heading_Wdct6d":{"type":"heading","settings":{"title":"SUPERBLAST 2","heading_max_width":15,"title_size":84,"title_size_mobile":32,"use_h1":false}},"button_tdfCB6":{"type":"button","settings":{"button_label":"SHOP NOW","button_link":"shopify:\/\/products\/asics-superblast-2-unisex","button_style":"secondary-white"}}},"block_order":["subheading_px8axf","heading_Wdct6d","button_tdfCB6"],"settings":{"image":"shopify:\/\/shop_images\/Superblast_2_Test1.png","mobile_image":"shopify:\/\/shop_images\/Superblast_2_Test1_fbf57201-61f0-4c42-b897-65975065bbdf.png","height":"fixed","height_desktop":600,"height_mobile":460,"image_link":"","full_width":true,"text_alignment":"bottom left","mobile_overlay_under":false,"overlay_style":"shadow"}},"collection_list_NEUArE":{"type":"collection-list","blocks":{"collection_h33NHa":{"type":"collection","settings":{"collection":"asics-neutral-footwear","image":"shopify:\/\/shop_images\/Asics_Collection_Nimbus_26.png","subheading":"BALANCED FOOTWEAR","button_label":"EXPLORE MORE"}},"collection_LULcQ7":{"type":"collection","settings":{"collection":"asics-racing-footwear","image":"shopify:\/\/shop_images\/Asics_Collection_Metaspeed_Edge.png","subheading":"RACE-DAY SPEED","button_label":"EXPLORE MORE"}},"collection_L48HUj":{"type":"collection","settings":{"collection":"asics-training-footwear","image":"shopify:\/\/shop_images\/Asics_Collection_Noosa_Tri_16.png","subheading":"EVERYDAY MILES","button_label":"EXPLORE MORE"}}},"block_order":["collection_h33NHa","collection_LULcQ7","collection_L48HUj"],"settings":{"title":"ASICS MEANT FOR...","enable_carousel":true,"grid":3,"color_scheme":"default","full_width":true,"coll_grid_image_shape":"square","coll_grid_image_position":"center center","coll_thumb_mob_per_row":"2","coll_grid_show_count":false,"coll_text_position":"below","coll_text_position_under_mobile":true,"coll_thumb_text_align_x":"center","coll_thumb_text_align_y":"center","coll_button_style":"link"}},"countdown_timer_aR4xMi":{"type":"countdown-timer","blocks":{"icon_nVJ3Ba":{"type":"icon","settings":{"icon":"award"}},"subheading_r6BMkQ":{"type":"subheading","settings":{"subheading":"EXCLUSIVE PRESALE"}},"heading_Bbmg9k":{"type":"heading","settings":{"title":"SUPERBLAST 2","use_h1":false}},"text_wGcjeT":{"type":"text","settings":{"text":"<p>Designed with supercharged cushioning for a responsive ride.<\/p>","enlarge_text":false}},"countdown_Bj4mtH":{"type":"countdown","settings":{"end_date":"2024-09-01","end_time":"","end_text":"","hide_on_end":true,"number_size":60,"number_font":"heading","divider_type":"line","show_timer_labels":true}},"button_EiB9w6":{"type":"button","settings":{"button_label":"GET IT FIRST","button_link":"shopify:\/\/products\/asics-superblast-2-unisex","button_style":"primary"}}},"block_order":["icon_nVJ3Ba","subheading_r6BMkQ","heading_Bbmg9k","text_wGcjeT","countdown_Bj4mtH","button_EiB9w6"],"disabled":true,"settings":{"show_image":true,"image":"shopify:\/\/shop_images\/Superblast_2.png","image_link":"","show_image_space":false,"image_position":"right","text_alignment":"left","color_scheme":"2"}},"featured_collection_RPDGCQ":{"type":"featured-collection","disabled":true,"settings":{"title":"ASICS APPAREL","collection":"asics-apparel","show_vendor":false,"enable_carousel":true,"grid":4,"rows":1,"color_scheme":"default","show_view_all":true,"full_width":true}},"shop_the_look_6gnMw7":{"type":"shop-the-look","blocks":{"subheading_3yC8f7":{"type":"subheading","settings":{"subheading":"CELEBRATE THE SUMMER GAMES IN STYLE"}},"heading_4fQr8w":{"type":"heading","settings":{"title":"CELEBRATION OF SPORT COLLECTION","heading_max_width":8,"title_size":42,"title_size_mobile":26,"use_h1":false}},"button_zg3pQA":{"type":"button","settings":{"button_label":"SHOP THE COLLECTION","button_link":"shopify:\/\/collections\/asics-celebration-of-sport-collection","button_style":"link"}}},"block_order":["subheading_3yC8f7","heading_4fQr8w","button_zg3pQA"],"disabled":true,"settings":{"image":"shopify:\/\/shop_images\/Superblast_2_Test1.png","mobile_image":"shopify:\/\/shop_images\/Superblast_2_Test4_cc0b7c7f-64c7-4ec6-aa45-6e2798ef92b3.png","video_external":"","video_description":"","height":"fixed","height_desktop":600,"height_mobile":460,"product_list":["asics-gel-cumulus-26-paris-mens","asics-gel-kayano-31-paris-mens","asics-gel-nimbus-26-paris-mens","asics-novablast-4-paris-mens","asics-superblast-2-paris-unisex"],"products_alignment":"bottom right","product_card_layout":"landscape","show_swatches":true,"full_width":true,"text_alignment":"top left","mobile_overlay_over":false,"overlay_style":"full image-overlay--bg-shadow"}},"product_list_4c3hmz":{"type":"product-list","disabled":true,"settings":{"title":"FOR THE LITTLE ONES","product_list":["gel-cumulus-26-gradeschool-kids","asics-gt-1000-8-grade-school-kids","asics-pre-noosa-tri-13-ps-kids","asics-gt-1000-9-gs-kids"],"show_vendor":true,"enable_carousel":true,"grid":4,"color_scheme":"default","full_width":true}},"scrolling_banner_CB9PzR":{"type":"scrolling-banner","blocks":{"text_htPF37":{"type":"text","settings":{"text":"SALE","color":"rgba(0,0,0,0)","link":"","use_h1":false,"stencil_all_text":false,"stencil_text":""}}},"block_order":["text_htPF37"],"settings":{"full_width":true,"color_scheme":"2","text_size":20,"vertical_padding":19,"speed":37,"direction":"right","font":"heading","space":80}},"product_list_MHaWxd":{"type":"product-list","settings":{"title":"SALE","product_list":["asics-gt-2000-12-mens-french-blue-bright-yellow","asics-novablast-4-womens-blue-expanse-black","asics-gel-nimbus-26-mens-celadon-light-celadon","asics-gel-kayano-30-womens-black-lilac-hint"],"show_vendor":false,"enable_carousel":true,"grid":4,"color_scheme":"default","full_width":true}},"scrolling_banner_4NdLkf":{"type":"scrolling-banner","blocks":{"text_hpytw4":{"type":"text","settings":{"text":"SALE","color":"rgba(0,0,0,0)","link":"","use_h1":false,"stencil_all_text":false,"stencil_text":""}}},"block_order":["text_hpytw4"],"settings":{"full_width":true,"color_scheme":"2","text_size":20,"vertical_padding":19,"speed":37,"direction":"left","font":"heading","space":80}}},"order":["main","background_video_ig9YKP","scrolling_banner_K7j79w","custom_content_tgQ66e","image_with_text_overlay_4kyCfy","collection_list_NEUArE","countdown_timer_aR4xMi","featured_collection_RPDGCQ","shop_the_look_6gnMw7","product_list_4c3hmz","scrolling_banner_CB9PzR","product_list_MHaWxd","scrolling_banner_4NdLkf"]}