{"sections":{"main":{"type":"main-page","disabled":true,"settings":{"show_page_title":true,"full_width":false}},"background_video_ig9YKP":{"type":"background-video","blocks":{"heading_CjzAtB":{"type":"heading","settings":{"title":"HOKA","heading_max_width":17,"title_size":150,"title_size_mobile":84,"use_h1":false}},"subheading_PdEFQa":{"type":"subheading","settings":{"subheading":"FOOTWEAR & APPAREL"}},"button_ciK8Wh":{"type":"button","settings":{"button_label":"SHOP BONDI 9","button_link":"shopify:\/\/collections\/hoka-bondi-9","button_style":"primary-black"}},"button_diipVX":{"type":"button","settings":{"button_label":"SHOP ALL","button_link":"shopify:\/\/collections\/shop-all-hoka","button_style":"primary"}}},"block_order":["heading_CjzAtB","subheading_PdEFQa","button_ciK8Wh","button_diipVX"],"settings":{"video_shopify":"shopify:\/\/files\/videos\/Bondi 9 1920 x 1080_b060d30d-ebf8-400e-8d1a-7d3da4925f9c.mp4","video_external":"https:\/\/www.youtube.com\/watch?v=_9VUPq3SxOc","video_description":"","text_alignment":"center center","height_desktop":560,"height_mobile":460,"full_width":true,"overlay_style":"full image-overlay--bg-shadow"}},"scrolling_banner_K7j79w":{"type":"scrolling-banner","blocks":{"image_cUxN8F":{"type":"image","settings":{"image":"shopify:\/\/shop_images\/F2R_X_HOKA.png","image_width":260,"link":"shopify:\/\/collections\/shop-all-hoka"}}},"block_order":["image_cUxN8F"],"settings":{"full_width":true,"color_scheme":"2","text_size":16,"vertical_padding":9,"speed":35,"direction":"left","font":"heading","space":80}},"custom_content_tgQ66e":{"type":"custom-content","blocks":{"text_Xdp3n9":{"type":"text","settings":{"width":"half","subheading":"","title":"MEN'S","text":"","button_label":"EXPLORE MORE","button_link":"shopify:\/\/collections\/hoka-mens","button_style":"link","text_alignment":"center"}},"text_fVf7EB":{"type":"text","settings":{"width":"half","subheading":"","title":"WOMEN'S","text":"","button_label":"EXPLORE MORE","button_link":"shopify:\/\/collections\/hoka-womens","button_style":"link","text_alignment":"center"}}},"block_order":["text_Xdp3n9","text_fVf7EB"],"settings":{"alignment":"middle"}},"collection_list_NEUArE":{"type":"collection-list","blocks":{"collection_h33NHa":{"type":"collection","settings":{"collection":"hoka-everyday-footwear","image":"shopify:\/\/shop_images\/Hoka_Collection_Transport.png","subheading":"ALL-DAY COMFORT","button_label":"EXPLORE MORE"}},"collection_pmQpwB":{"type":"collection","settings":{"collection":"hoka-trail-footwear","image":"shopify:\/\/shop_images\/Hoka_Collection_Speedgoat_6.png","subheading":"RUGGED TERRAIN","button_label":"EXPLORE MORE"}},"collection_LULcQ7":{"type":"collection","settings":{"collection":"hoka-running-footwear","image":"shopify:\/\/shop_images\/Hoka_Collection_Clifton_9.png","subheading":"EVERYDAY TRAINING","button_label":"EXPLORE MORE"}},"collection_L48HUj":{"type":"collection","settings":{"collection":"hoka-health-care-footwear-1","image":"shopify:\/\/shop_images\/Hoka_Collection_Bondi_8.png","subheading":"PROFESSIONAL USE","button_label":"EXPLORE MORE"}}},"block_order":["collection_h33NHa","collection_pmQpwB","collection_LULcQ7","collection_L48HUj"],"settings":{"title":"HOKA MEANT FOR...","enable_carousel":true,"grid":4,"color_scheme":"default","full_width":true,"coll_grid_image_shape":"square","coll_grid_image_position":"center center","coll_thumb_mob_per_row":"2","coll_grid_show_count":false,"coll_text_position":"below","coll_text_position_under_mobile":true,"coll_thumb_text_align_x":"center","coll_thumb_text_align_y":"center","coll_button_style":"link"}},"image_with_text_qQHMy4":{"type":"image-with-text","blocks":{"subheading_JGMQPT":{"type":"subheading","settings":{"subheading":"NEW FROM HOKA"}},"heading_3V4LYH":{"type":"heading","settings":{"title":"CIELO X1 2","use_h1":false}},"text_AfjphK":{"type":"text","settings":{"text":"<p>The <strong>Cielo X1 2.0<\/strong> is built for speed, now lighter than ever. With a propulsive carbon fiber plate, an aggressive forefoot rocker, and nearly 40mm of responsive PEBA foam, it’s designed to help you push the pace. The breathable, lightweight upper features dynamic cutouts to keep things light, while a cushioned collar ensures a secure fit. Finished with a sticky rubber outsole, it offers the traction you need to chase your PRs.<\/p>","enlarge_text":false}},"button_rnVqn7":{"type":"button","settings":{"button_label":"SHOP NOW","button_link":"shopify:\/\/products\/hoka-cielo-x1-2-0-unisex","button_style":"primary-black"}}},"block_order":["subheading_JGMQPT","heading_3V4LYH","text_AfjphK","button_rnVqn7"],"settings":{"image":"shopify:\/\/shop_images\/S25_Cielo-X1-2_1.png","image_2":"shopify:\/\/shop_images\/HOKA_S25_MW_CieloX120_Global_HERO---2103.jpg","image_width":700,"image_link":"","image_position":"left","text_alignment":"left","color_scheme":"default"}},"gallery_y7aVjX":{"type":"gallery","blocks":{"media_QRC7xY":{"type":"media","settings":{"image":"shopify:\/\/shop_images\/Hoka_Clifton_9.jpg","enlarge_media":true,"subheading":"REPONSIVE RUN","title":"CLIFTON 9","button_label":"EXPLORE MORE","link":"shopify:\/\/collections\/hoka-clifton-9","text_alignment":"bottom left"}},"media_EYdkLf":{"type":"media","settings":{"image":"shopify:\/\/shop_images\/Bondi_9_Banner_D.png","enlarge_media":true,"subheading":"Cushioned everyday wear","title":"BONDI 9","button_label":"EXPLORE MORE","link":"shopify:\/\/collections\/hoka-bondi-9","text_alignment":"bottom left"}}},"block_order":["media_QRC7xY","media_EYdkLf"],"settings":{"grid_desktop":2,"grid_mobile":"1","height":"fixed","desktop_image_height":460,"mobile_image_height":400,"title_size":30,"title_size_mobile":22,"enable_margin":true,"enable_row_spacing":true,"full_width":false,"color_scheme":"2","enable_carousel":true,"overlay_style":"full","button_style":"link"}},"countdown_timer_JRtC9M":{"type":"countdown-timer","blocks":{"heading_mkDep6":{"type":"heading","settings":{"title":"RACING FOOTWEAR","use_h1":false}},"text_j7zja3":{"type":"text","settings":{"text":"<p>Create urgency around an offer or event using a countdown timer.<\/p>","enlarge_text":false}},"button_bMwfXz":{"type":"button","settings":{"button_label":"SHOP NOW","button_link":"shopify:\/\/collections\/hoka-racing-footwear","button_style":"secondary-white"}}},"block_order":["heading_mkDep6","text_j7zja3","button_bMwfXz"],"settings":{"show_image":true,"image":"shopify:\/\/shop_images\/HOKA_S25_MW_CieloX120_Global_HERO---3036.jpg","image_link":"","show_image_space":true,"image_position":"right","text_alignment":"center","color_scheme":"2"}},"product_list_6Fcamb":{"type":"product-list","settings":{"title":"FOR THE LITTLE ONES","product_list":["hoka-clifton-9-kids","hoka-mach-6-kids","hoka-speedgoat-6-kids","hoka-ora-recovery-slide-3-kids"],"show_vendor":false,"enable_carousel":true,"grid":4,"color_scheme":"default","full_width":true}},"scrolling_banner_FY7M67":{"type":"scrolling-banner","blocks":{"text_BAmXT7":{"type":"text","settings":{"text":"SALE","color":"rgba(0,0,0,0)","link":"","use_h1":false,"stencil_all_text":false,"stencil_text":""}}},"block_order":["text_BAmXT7"],"settings":{"full_width":true,"color_scheme":"2","text_size":20,"vertical_padding":19,"speed":37,"direction":"right","font":"heading","space":80}},"product_list_AgWgQQ":{"type":"product-list","settings":{"title":"SALE","product_list":["hoka-bondi-8-womens-frost-rose-gold","hoka-arahi-7-mens-electric-tangerine-black","hoka-mach-6-mens-white-solar-flare","hoka-clifton-9-womens-oak-alabaster","hoka-bondi-8-mens-real-teal-shadow","hoka-rocket-x-unisex"],"show_vendor":false,"enable_carousel":true,"grid":4,"color_scheme":"default","full_width":true}},"scrolling_banner_eJkL8N":{"type":"scrolling-banner","blocks":{"text_JzF9tX":{"type":"text","settings":{"text":"SALE","color":"rgba(0,0,0,0)","link":"","use_h1":false,"stencil_all_text":false,"stencil_text":""}}},"block_order":["text_JzF9tX"],"settings":{"full_width":true,"color_scheme":"2","text_size":20,"vertical_padding":19,"speed":37,"direction":"left","font":"heading","space":80}}},"order":["main","background_video_ig9YKP","scrolling_banner_K7j79w","custom_content_tgQ66e","collection_list_NEUArE","image_with_text_qQHMy4","gallery_y7aVjX","countdown_timer_JRtC9M","product_list_6Fcamb","scrolling_banner_FY7M67","product_list_AgWgQQ","scrolling_banner_eJkL8N"]}