{"sections":{"main":{"type":"main-page","disabled":true,"settings":{"show_page_title":true,"full_width":false}},"image_with_text_overlay_Y4pMjK":{"type":"image-with-text-overlay","blocks":{"subheading_MniXhR":{"type":"subheading","settings":{"subheading":"FIT2RUN FLORIDA"}},"heading_b6fbYV":{"type":"heading","settings":{"title":"WELLINGTON","heading_max_width":15,"title_size":84,"title_size_mobile":32,"use_h1":false}}},"block_order":["subheading_MniXhR","heading_b6fbYV"],"custom_css":[".text-overlay__text {color: #171717;}"],"settings":{"image":"shopify:\/\/shop_images\/white.png","height":"fixed","height_desktop":200,"height_mobile":160,"image_link":"","full_width":true,"text_alignment":"center center","mobile_overlay_under":false,"overlay_style":"no_background"}},"scrolling_banner_cyrRFn":{"type":"scrolling-banner","blocks":{"text_Wz9yfK":{"type":"text","settings":{"text":"RUN CLUB WEDNESDAYS @ 6:30 PM","color":"#f7f7f8","link":"","use_h1":false,"stencil_all_text":false,"stencil_text":""}}},"block_order":["text_Wz9yfK"],"settings":{"full_width":true,"color_scheme":"2","text_size":16,"vertical_padding":14,"speed":26,"direction":"left","font":"heading","space":90}},"map_4Xbeqk":{"type":"map","custom_css":["p {margin-bottom: 4px;}"],"settings":{"full_width":true,"color_scheme":"default","heading":"","address":"<h4>STORE HOURS:<\/h4><p>Monday: 10 AM - 8 PM<\/p><p>Tuesday: 10 AM - 8 PM<\/p><p>Wednesday: 10 AM - 8 PM<\/p><p>Thursday: 10 AM - 8 PM<\/p><p>Friday: 10 AM - 8 PM<\/p><p>Saturday: 10 AM - 8 PM<\/p><p>Sunday: 11 AM - 7 PM<\/p><h4>STORE PHONE #:<\/h4><h6>(561) 753-9343<\/h6><h4>ADDRESS:<\/h4><h6>10300 W FOREST HILL BLVD SUITE 287, WELLINGTON, FL 33414<\/h6>","button":"Directions","show_pin":true,"show_feature_image":false,"map_address":"10300 W Forest Hill Blvd Suite 287Wellington, 33414","api_key":"AIzaSyBXyIvH_A_lizFVtY8oXsx0Jg75whMenEI","map_type":"dynamic","map_style":"retro"}},"custom_content_D4UyGD":{"type":"custom-content","settings":{"alignment":"middle"}},"scrolling_banner_pE3wP7":{"type":"scrolling-banner","blocks":{"image_MyPiec":{"type":"image","settings":{"image":"shopify:\/\/shop_images\/Untitled-5.jpg","image_width":90,"link":"shopify:\/\/pages\/on-brand-page"}},"image_AYYycA":{"type":"image","settings":{"image":"shopify:\/\/shop_images\/Hoka_Logo.png","image_width":130,"link":"shopify:\/\/pages\/hoka-brand-page"}},"image_8PdPQf":{"type":"image","settings":{"image":"shopify:\/\/shop_images\/Asics_Logo.png","image_width":145,"link":"shopify:\/\/pages\/asics-brand-page"}},"image_w6m6Mf":{"type":"image","settings":{"image":"shopify:\/\/shop_images\/Brooks_Logo.png","image_width":220,"link":"shopify:\/\/pages\/brooks-brand-page"}}},"block_order":["image_MyPiec","image_AYYycA","image_8PdPQf","image_w6m6Mf"],"settings":{"full_width":true,"color_scheme":"default","text_size":50,"vertical_padding":7,"speed":26.5,"direction":"left","font":"heading","space":85}},"testimonials_M8crif":{"type":"testimonials","blocks":{"testimonial_EiFMfy":{"type":"testimonial","settings":{"star_rating":5,"testimonial":"I recently had a partial amputation of my right foot, and nervously went to the Wellington Fit2Run store.  An employee alleviated my fears, and was a big help.  Thank you so very much.  I will be back.","author":"JODY C.","image":"shopify:\/\/shop_images\/Wellington_3.png","image_caption":"","link":""}},"testimonial_H9G6yh":{"type":"testimonial","settings":{"star_rating":5,"testimonial":"All of the associates were extremely helpful and provided great customer service, they went above and beyond to help me find the perfect shoe. Thanks for being awesome!","author":"ANN","image":"shopify:\/\/shop_images\/Wellington_1.png","image_caption":"","link":""}},"testimonial_kNYKWC":{"type":"testimonial","settings":{"star_rating":5,"testimonial":"I had a great experience with the associate who walked me through both shoe and orthotic options and helped me find the perfect shoe for me! I'm not a runner I just need a good pair of walking shoes and she was so knowledgeable and kind. 10\/10 recommend!","author":"KRYSTINA S.","image":"shopify:\/\/shop_images\/Wellington_2.png","image_caption":"","link":""}}},"block_order":["testimonial_EiFMfy","testimonial_H9G6yh","testimonial_kNYKWC"],"settings":{"title":"Customer reviews","layout":"image-right","text_caps":false,"quote_text_size":25,"quote_text_size_mobile":20,"image_shape":"square","color_scheme":"default","autoplay":true,"autoplay_speed":5}},"rich_text_W9naHT":{"type":"rich-text","blocks":{"heading_VM9mPL":{"type":"heading","settings":{"title":"ABOUT WELLINGTON","use_h1":false}},"text_ywVjhB":{"type":"text","settings":{"use_metadata":false,"text":"<p>If you are in South Florida and looking for shoe stores, Wellington mall shops offer lots of choices. But if you are really serious about your running or walking, one store stands out. As our name suggests, at the Fit2Run store at the Mall at Wellington Green in Wellington, Florida, we know fit. We are dedicated to ensuring you get athletic footwear that's right for you.<\/p><p>When you come to our store, we can provide you with a complimentary videotaped gait analysis that will help you select the right shoe for your specific foot type and the type of running or walking you do. Next, you can step onto our Aetrex Albert 2 system. It will instantly identify your foot type, pressure points and shoe size, further refining your search for the perfect running shoes.<\/p><p>You'll find all the best brands here, like ASICS, Brooks Running, Hoka, and On Running. To pamper your feet and body after a strenuous workout or just to relieve general pain and discomfort, check out a pair of our OOFOS recovery sandals. <\/p><p>You'll also find plenty of other running gear and accessories here, like athletic socks. We have products to support your joints, like ankle wrap, compression wrap and knee supports.<\/p><p>We carry a diverse selection of Garmin sports watches here to help you monitor your performance and up your game too. You'll also find all the watch accessories you need, like charging cables and colorful watch bands. Whether you're just visiting the Sunshine State or live here, come visit us and see what we have in store for you.<\/p><p>Benefit even more from shopping at Fit2Run for training shoes, running clothes and more when you sign up for <a href=\"https:\/\/www.fit2run.com\/club-membership\">Club Fit2Run<\/a> for a small annual membership fee. Our fit is your fit, and this is especially true for our members. Enjoy 10% off when you shop online or in-store, exclusive sales, 30-day wear-test guarantees on running shoes, VIP access to special events and more when you join the Fit2Run family.<\/p>","enlarge_text":false}}},"block_order":["heading_VM9mPL","text_ywVjhB"],"settings":{"height":"medium","text_alignment":"center","full_width":false,"color_scheme":"default"}}},"order":["main","image_with_text_overlay_Y4pMjK","scrolling_banner_cyrRFn","map_4Xbeqk","custom_content_D4UyGD","scrolling_banner_pE3wP7","testimonials_M8crif","rich_text_W9naHT"]}