{"sections":{"main":{"type":"main-page","disabled":true,"settings":{"show_page_title":true,"full_width":false}},"background_video_ig9YKP":{"type":"background-video","blocks":{"heading_CjzAtB":{"type":"heading","settings":{"title":"DIADORA","heading_max_width":17,"title_size":150,"title_size_mobile":100,"use_h1":false}},"subheading_PdEFQa":{"type":"subheading","settings":{"subheading":"FOOTWEAR & APPAREL"}},"button_NtaFeR":{"type":"button","settings":{"button_label":"SHOP NOW","button_link":"shopify:\/\/collections\/diadora","button_style":"secondary-white"}}},"block_order":["heading_CjzAtB","subheading_PdEFQa","button_NtaFeR"],"settings":{"video_shopify":"shopify:\/\/files\/videos\/DiadoraBrand.mp4","video_external":"https:\/\/www.youtube.com\/watch?v=_9VUPq3SxOc","video_description":"","text_alignment":"center center","height_desktop":380,"height_mobile":340,"full_width":true,"overlay_style":"full image-overlay--bg-shadow"}},"scrolling_banner_K7j79w":{"type":"scrolling-banner","blocks":{"image_cUxN8F":{"type":"image","settings":{"image":"shopify:\/\/shop_images\/ticker_d85547e5-f24d-4943-8da8-3d9f2ac0169d.png","image_width":175,"link":"shopify:\/\/collections\/diadora"}}},"block_order":["image_cUxN8F"],"settings":{"full_width":true,"color_scheme":"2","text_size":16,"vertical_padding":9,"speed":35,"direction":"left","font":"heading","space":80}},"custom_content_tgQ66e":{"type":"custom-content","blocks":{"text_Xdp3n9":{"type":"text","settings":{"width":"half","subheading":"","title":"FOOTWEAR","text":"","button_label":"EXPLORE MORE","button_link":"shopify:\/\/collections\/diadora-footwear","button_style":"link","text_alignment":"center"}},"text_fVf7EB":{"type":"text","settings":{"width":"half","subheading":"","title":"APPAREL","text":"","button_label":"EXPLORE MORE","button_link":"shopify:\/\/collections\/diadora-apparel","button_style":"link","text_alignment":"center"}}},"block_order":["text_Xdp3n9","text_fVf7EB"],"settings":{"alignment":"middle"}},"product_list_M6b43Y":{"type":"product-list","settings":{"title":"ITALY'S FINEST","product_list":["diadora_hoodie_sherpa_legacy_unisex","diadora-nucleo-2-mens","diadora-nucleo-2-womens","diadora_sweatshirt_crew_athl-_logo_unisex","diadora-gara-carbon-unisex","diadora_pants_sherpa_legacy_unisex","diadora-cellula-mens","diadora_pants_athl-_logo_unisex","diadora-frequenza-womens"],"show_vendor":false,"enable_carousel":true,"grid":4,"color_scheme":"default","full_width":true}},"image_with_text_4cgBBY":{"type":"image-with-text","blocks":{"heading_96zHBA":{"type":"heading","settings":{"title":"SQUADRA LINE","use_h1":false}},"text_r7QPV6":{"type":"text","settings":{"text":"<p><strong>MAKE A STATEMENT WHEREVER YOU GO<\/strong><\/p>","enlarge_text":false}},"button_VBHHTJ":{"type":"button","settings":{"button_label":"SHOP THE COLLECTION","button_link":"shopify:\/\/collections\/diadora-squadra-collection","button_style":"primary-black"}}},"block_order":["heading_96zHBA","text_r7QPV6","button_VBHHTJ"],"settings":{"image":"shopify:\/\/shop_images\/FW24_-_Squadra_di_corsa_-_7.jpg","image_2":"shopify:\/\/shop_images\/FW24_-_Squadra_di_corsa_-_6-2.jpg","image_width":700,"image_link":"","image_position":"left","text_alignment":"left","color_scheme":"default"}},"gallery_DWxWh4":{"type":"gallery","blocks":{"media_KYwjyz":{"type":"media","settings":{"image":"shopify:\/\/shop_images\/FW24_-_Winter_protection_-_Cansiglio_-_19_e4e7bb3c-d188-419e-be3d-66d403dc538d.jpg","enlarge_media":false,"subheading":"RUNNING","title":"APPAREL","button_label":"","link":"shopify:\/\/collections\/diadora-apparel","text_alignment":"bottom left"}},"media_DnEijC":{"type":"media","settings":{"image":"shopify:\/\/shop_images\/20231109_DIADORA_0270_post.jpg","enlarge_media":false,"subheading":"RUNNING","title":"FOOTWEAR","button_label":"","link":"shopify:\/\/collections\/diadora-footwear","text_alignment":"bottom left"}}},"block_order":["media_KYwjyz","media_DnEijC"],"settings":{"grid_desktop":2,"grid_mobile":"1","height":"fixed","desktop_image_height":460,"mobile_image_height":400,"title_size":30,"title_size_mobile":22,"enable_margin":true,"enable_row_spacing":true,"full_width":false,"color_scheme":"default","enable_carousel":true,"overlay_style":"full","button_style":"primary"}},"product_list_XR4N6g":{"type":"product-list","settings":{"title":"SALE","product_list":["diadora-mythos-blushield-7-vortice-womens","diadora-mythos-blushield-volo-2-mens","diadora-equipe-corsa-2-mens","diadora-atomo-v7000-unisex","diadora_skin_friendly_longsleeve_mens"],"show_vendor":false,"enable_carousel":true,"grid":4,"color_scheme":"default","full_width":true}}},"order":["main","background_video_ig9YKP","scrolling_banner_K7j79w","custom_content_tgQ66e","product_list_M6b43Y","image_with_text_4cgBBY","gallery_DWxWh4","product_list_XR4N6g"]}