{"sections":{"main":{"type":"main-page","disabled":true,"settings":{"show_page_title":true,"full_width":false}},"image_with_text_overlay_dnXMV9":{"type":"image-with-text-overlay","blocks":{"heading_ybmC6R":{"type":"heading","settings":{"title":"FIT2TIME","heading_max_width":15,"title_size":112,"title_size_mobile":66,"use_h1":false}},"text_7fYiaJ":{"type":"text","settings":{"text":"<h4>RACE MANAGEMENT<\/h4>","enlarge_text":true}}},"block_order":["heading_ybmC6R","text_7fYiaJ"],"settings":{"image":"shopify:\/\/shop_images\/Fit2Time_Header_2.jpg","height":"fixed","height_desktop":380,"height_mobile":380,"image_link":"","full_width":true,"text_alignment":"center center","mobile_overlay_under":false,"overlay_style":"shadow"}},"scrolling_banner_YPiPWz":{"type":"scrolling-banner","blocks":{"text_33GVj4":{"type":"text","settings":{"text":"CHRONOTRACK TIMING","color":"rgba(0,0,0,0)","link":"","use_h1":false,"stencil_all_text":false,"stencil_text":""}},"text_xUxNNQ":{"type":"text","settings":{"text":"AWARDS SCORING","color":"rgba(0,0,0,0)","link":"","use_h1":false,"stencil_all_text":false,"stencil_text":""}},"text_dXmDgf":{"type":"text","settings":{"text":"COURSE DESIGN","color":"rgba(0,0,0,0)","link":"","use_h1":false,"stencil_all_text":false,"stencil_text":""}},"text_QpJReF":{"type":"text","settings":{"text":"EVENT CONSULTATION","color":"rgba(0,0,0,0)","link":"","use_h1":false,"stencil_all_text":false,"stencil_text":""}},"text_FbEndF":{"type":"text","settings":{"text":"VOLUNTEER MANAGEMENT","color":"rgba(0,0,0,0)","link":"","use_h1":false,"stencil_all_text":false,"stencil_text":""}}},"block_order":["text_33GVj4","text_xUxNNQ","text_dXmDgf","text_QpJReF","text_FbEndF"],"settings":{"full_width":true,"color_scheme":"2","text_size":20,"vertical_padding":19,"speed":19,"direction":"left","font":"heading","space":50}},"rich_text_mJQ9G4":{"type":"rich-text","blocks":{"text_CXRh8n":{"type":"text","settings":{"use_metadata":false,"text":"<p>Fit2Time Race Management is the event management and race division of Fit2Run. We have spent the last 15 years serving runners in our stores and learning about the needs of runners and races in our communities.<\/p>","enlarge_text":true}}},"block_order":["text_CXRh8n"],"settings":{"height":"medium","text_alignment":"center","full_width":false,"color_scheme":"default"}},"rich_text_7PHR3i":{"type":"rich-text","blocks":{"button_YMGqpe":{"type":"button","settings":{"button_label":"RACE CALENDAR","button_link":"shopify:\/\/pages\/race-calendar","button_style":"primary"}},"button_8ECmJJ":{"type":"button","settings":{"button_label":"RACE RESULTS","button_link":"shopify:\/\/pages\/race-results","button_style":"primary"}}},"block_order":["button_YMGqpe","button_8ECmJJ"],"settings":{"height":"medium","text_alignment":"center","full_width":false,"color_scheme":"default"}},"rich_text_dYE6tc":{"type":"rich-text","blocks":{"heading_qbg6fR":{"type":"heading","settings":{"title":"A full service endurance event production and management company","use_h1":false}},"text_VDPT8L":{"type":"text","settings":{"use_metadata":false,"text":"<p>Fit2Time Race Management provides an array of event services to all types of organizations who all have one thing in common - the desire to produce an engaging and successful race. Fit2Time Race Management offers endurance event support at varying levels - whatever is needed to facilitate the production of a winning race.<\/p>","enlarge_text":true}}},"block_order":["heading_qbg6fR","text_VDPT8L"],"settings":{"height":"medium","text_alignment":"center","full_width":false,"color_scheme":"default"}},"image_with_text_YWA9at":{"type":"image-with-text","blocks":{"heading_Qeitnq":{"type":"heading","settings":{"title":"We offer the following services:","use_h1":false}},"text_ggjXMa":{"type":"text","settings":{"text":"<ul><li>Chronotrack Athlete Timing with Results and Awards Scoring<\/li><li>Registration Software Set Up and Support<\/li><li>Event Infrastructure and Logistics<\/li><li>Course Design and Permitting<\/li><li>Event Consultation<\/li><li>Event Day Staffing<\/li><li>Volunteer Management, and more!<\/li><\/ul><p>We offer our clients preferred pricing on collateral orders such as medals, awards, participant shirts and swag from our vendors, as well as assistance with the storage and logistics of these items.<\/p><p>Clients of Fit2Time Race Management will have their events listed on the Fit2Run.com race calendar and can take advantage of Fit2Run’s marketing services, offered at highly competitive rates.<\/p>","enlarge_text":false}}},"block_order":["heading_Qeitnq","text_ggjXMa"],"settings":{"image":"shopify:\/\/shop_images\/Fit2time_race_1.jpg","image_2":"shopify:\/\/shop_images\/Fit2time_race_2.jpg","image_width":700,"image_link":"","image_position":"right","text_alignment":"left","color_scheme":"default"}},"custom_content_9Nakc9":{"type":"custom-content","settings":{"alignment":"middle"}},"rich_text_XAQcHa":{"type":"rich-text","blocks":{"text_KimFQ7":{"type":"text","settings":{"use_metadata":false,"text":"<h5>GET IN CONTACT TODAY TO EXPLORE THE WAYS WE CAN ASSIST IN MAKING YOUR RACE DAY UNFORGETTABLE.<\/h5>","enlarge_text":true}},"button_zdF7rL":{"type":"button","settings":{"button_label":"CONTACT US","button_link":"shopify:\/\/pages\/contact-fit2time-race-management","button_style":"primary"}}},"block_order":["text_KimFQ7","button_zdF7rL"],"settings":{"height":"medium","text_alignment":"center","full_width":false,"color_scheme":"default"}},"gallery_G398tq":{"type":"gallery","blocks":{"media_W8pPhJ":{"type":"media","settings":{"image":"shopify:\/\/shop_images\/Race_Gallery_4_e169173c-3ca8-4b03-bb7c-8d6881a5f21e.jpg","enlarge_media":true,"subheading":"","title":"","button_label":"","link":"","text_alignment":"bottom left"}},"media_VFVjNC":{"type":"media","settings":{"image":"shopify:\/\/shop_images\/Race_Gallery_1_fe3ee055-a630-459a-bfa8-387e4ad33ec6.jpg","enlarge_media":false,"subheading":"","title":"","button_label":"","link":"","text_alignment":"bottom left"}},"media_ExF36P":{"type":"media","settings":{"image":"shopify:\/\/shop_images\/Race_Gallery_7.jpg","enlarge_media":false,"subheading":"","title":"","button_label":"","link":"","text_alignment":"bottom left"}},"media_6JX9XN":{"type":"media","settings":{"image":"shopify:\/\/shop_images\/Race_Gallery_5.jpg","enlarge_media":true,"subheading":"","title":"","button_label":"","link":"","text_alignment":"bottom left"}},"media_qDaeFC":{"type":"media","settings":{"image":"shopify:\/\/shop_images\/Race_Gallery_2.jpg","enlarge_media":true,"subheading":"","title":"","button_label":"","link":"","text_alignment":"bottom left"}},"media_CMrXL7":{"type":"media","settings":{"image":"shopify:\/\/shop_images\/Race_Gallery_8.jpg","enlarge_media":false,"subheading":"","title":"","button_label":"","link":"","text_alignment":"bottom left"}}},"block_order":["media_W8pPhJ","media_VFVjNC","media_ExF36P","media_6JX9XN","media_qDaeFC","media_CMrXL7"],"settings":{"grid_desktop":2,"grid_mobile":"1","height":"fixed","desktop_image_height":460,"mobile_image_height":400,"title_size":30,"title_size_mobile":22,"enable_margin":true,"enable_row_spacing":true,"full_width":false,"color_scheme":"default","enable_carousel":true,"overlay_style":"full","button_style":"primary"}},"rich_text_zUUmUe":{"type":"rich-text","blocks":{"text_XfcCjq":{"type":"text","settings":{"use_metadata":false,"text":"<h5>FIT2TIME RACE MANAGEMENT MANAGES ALL BIG BILL FOUNDATION OWNED RACES.<\/h5>","enlarge_text":true}},"button_UTV7hX":{"type":"button","settings":{"button_label":"LEARN MORE","button_link":"shopify:\/\/pages\/the-big-bill-foundation","button_style":"primary"}},"image_PBJDfC":{"type":"image","settings":{"image":"shopify:\/\/shop_images\/IMG_5429.jpg","image_width":410,"url":""}}},"block_order":["text_XfcCjq","button_UTV7hX","image_PBJDfC"],"settings":{"height":"small","text_alignment":"center","full_width":false,"color_scheme":"2"}}},"order":["main","image_with_text_overlay_dnXMV9","scrolling_banner_YPiPWz","rich_text_mJQ9G4","rich_text_7PHR3i","rich_text_dYE6tc","image_with_text_YWA9at","custom_content_9Nakc9","rich_text_XAQcHa","gallery_G398tq","rich_text_zUUmUe"]}