{"sections":{"main":{"type":"style-guide","settings":{}},"featured_collection_bf8YEH":{"type":"featured-collection","settings":{"title":"Featured collection","collection":"chicknlegs","show_vendor":false,"enable_carousel":true,"grid":4,"rows":1,"color_scheme":"default","show_view_all":true,"full_width":true}},"featured_product_qHFtLW":{"type":"featured-product","blocks":{"title_Hg6j8D":{"type":"title","settings":{}},"price_VEE44Q":{"type":"price","settings":{"show_tax_and_shipping":false,"enable_product_reviews_by_price":true}},"vendor_bdKAcy":{"type":"vendor","settings":{}},"divider_bkhkL7":{"type":"divider","settings":{}},"variant_picker_icKnMG":{"type":"variant-picker","settings":{"show_single":false,"selector_style":"listed","enable_dynamic_availability":true,"enable_size_chart":false,"size_chart_variant":"Size","size_chart_page":""}},"buy_buttons_xzGcCR":{"type":"buy-buttons","settings":{"show_quantity_selector":true,"enable_payment_button":true,"show_backorder_text":false,"show_gift_card_recipient":false}},"description_6ftUdh":{"type":"description","settings":{"show_in_tab":false,"open_tab":false,"icon":""}}},"block_order":["title_Hg6j8D","price_VEE44Q","vendor_bdKAcy","divider_bkhkL7","variant_picker_icKnMG","buy_buttons_xzGcCR","description_6ftUdh"],"settings":{"product":"asics-challenger-12-womens","select_first_variant":true,"inventory_transfers_enable":true,"enable_sticky_columns":false,"gallery_size":"medium","gallery_layout":"carousel-under","enable_zoom":true,"show_alt_text":false,"alt_text_icon":"","enable_video_autoplay":false,"enable_video_looping":false,"enable_media_grouping":false,"media_grouping_option":"Color,Colour,Couleur,Farbe"}},"collection_list_UVabkH":{"type":"collection-list","blocks":{"collection_EitAwz":{"type":"collection","settings":{"collection":"100","subheading":"","button_label":""}},"collection_mJW389":{"type":"collection","settings":{"collection":"altra","subheading":"","button_label":""}},"collection_qRmRWT":{"type":"collection","settings":{"collection":"aetrex","subheading":"","button_label":""}},"collection_7VMY6m":{"type":"collection","settings":{"collection":"brooks-launch-1","subheading":"","button_label":""}}},"block_order":["collection_EitAwz","collection_mJW389","collection_qRmRWT","collection_7VMY6m"],"settings":{"title":"Collection list","enable_carousel":true,"grid":4,"color_scheme":"default","full_width":true,"coll_grid_image_shape":"square","coll_grid_image_position":"center center","coll_thumb_mob_per_row":"2","coll_grid_show_count":true,"coll_text_position":"below","coll_text_position_under_mobile":false,"coll_thumb_text_align_x":"center","coll_thumb_text_align_y":"center","coll_button_style":"primary"}},"rich_text_YV9WMM":{"type":"rich-text","blocks":{"heading_Kwcfmd":{"type":"heading","settings":{"title":"Rich text","use_h1":false}},"subheading_86Hhkz":{"type":"subheading","settings":{"subheading":"Subheading"}},"text_eamemc":{"type":"text","settings":{"use_metadata":false,"text":"<p>Use this text to share information about your store with your customers. Describe products, share announcements, or welcome customers to your store.<\/p>","enlarge_text":true}},"button_6VJedQ":{"type":"button","settings":{"button_label":"Button text","button_link":"","button_style":"primary"}}},"block_order":["heading_Kwcfmd","subheading_86Hhkz","text_eamemc","button_6VJedQ"],"settings":{"height":"medium","text_alignment":"center","full_width":false,"color_scheme":"default"}},"image_with_text_JYUytH":{"type":"image-with-text","blocks":{"heading_Tcz4J9":{"type":"heading","settings":{"title":"Image with text","use_h1":false}},"text_86bNym":{"type":"text","settings":{"text":"<p>Pair text with an image to give customers insight into your brand. Tell a story, explain a product detail, or describe a new promotion.<\/p>","enlarge_text":false}},"button_gXzxfM":{"type":"button","settings":{"button_label":"Button text","button_link":"","button_style":"primary"}}},"block_order":["heading_Tcz4J9","text_86bNym","button_gXzxfM"],"settings":{"image":"shopify:\/\/shop_images\/New_f2r.png","image_2":"shopify:\/\/shop_images\/diadora_v7000_2.png","image_width":700,"image_link":"","image_position":"left","text_alignment":"left","color_scheme":"default"}},"slideshow_W8hihh":{"type":"slideshow","blocks":{"image_LtbkzY":{"type":"image","settings":{"image":"shopify:\/\/shop_images\/New_f2r.png","mobile_image":"shopify:\/\/shop_images\/F2R_HOTSPOT1.png","slide_link":"","subheading":"Tell your story","title":"Slide heading","heading_max_width":15,"title_size":84,"title_size_mobile":46,"use_h1":false,"text":"<p>And optional subtext<\/p>","enlarge_text":true,"button_label_1":"Shop this","button_url_1":"","button_label_2":"Shop all","button_url_2":"","text_alignment":"center center"}},"image_Wh6tmx":{"type":"image","settings":{"image":"shopify:\/\/shop_images\/F2R_Hotspot_b636676e-45f3-4525-a833-85934ee574df.jpg","mobile_image":"shopify:\/\/shop_images\/Hoka_Bondi_8.jpg","slide_link":"","subheading":"Tell your story","title":"Slide heading","heading_max_width":15,"title_size":84,"title_size_mobile":46,"use_h1":false,"text":"<p>And optional subtext<\/p>","enlarge_text":true,"button_label_1":"Shop this","button_url_1":"","button_label_2":"Shop all","button_url_2":"","text_alignment":"center center"}}},"block_order":["image_LtbkzY","image_Wh6tmx"],"settings":{"height":"fixed","height_desktop":600,"height_mobile":460,"full_width":true,"mobile_overlay_under":false,"overlay_style":"shadow","transition":"fade","navigation":"arrows","autoplay":true,"autoplay_speed":7,"accessibility_info":""}},"newsletter_dknppx":{"type":"newsletter","settings":{"title":"Subscribe to our newsletter","subheading":"<p>Promotions, new products and sales. Directly to your inbox.<\/p>","color_scheme":"default"}},"video_m3GfkP":{"type":"video","blocks":{"heading_FyqNab":{"type":"heading","settings":{"title":"Video","heading_max_width":15,"title_size":84,"title_size_mobile":32,"use_h1":false}},"text_9XbYEe":{"type":"text","settings":{"text":"<p>Use a video to get a customer's attention<\/p>","enlarge_text":true}},"play_button_NGaGWD":{"type":"play-button","settings":{}}},"block_order":["heading_FyqNab","text_9XbYEe","play_button_NGaGWD"],"settings":{"video_shopify":"shopify:\/\/files\/videos\/HOKA_BANNER2.mp4","video_external":"https:\/\/www.youtube.com\/watch?v=_9VUPq3SxOc","video_description":"","text_alignment":"center center","full_width":true,"overlay_style":"shadow"}},"featured_blog_RbBmXQ":{"type":"featured-blog","settings":{"title":"Blog posts","blog":"news","post_limit":3,"show_author":true,"show_date":true,"show_excerpts":true,"crop_ratio":"1.78","color_scheme":"default"}},"background_video_WF89Cg":{"type":"background-video","blocks":{"subheading_EcXWYn":{"type":"subheading","settings":{"subheading":"Tell your story"}},"heading_xpH8gM":{"type":"heading","settings":{"title":"Background video","heading_max_width":15,"title_size":84,"title_size_mobile":32,"use_h1":false}},"text_8mQh3T":{"type":"text","settings":{"text":"<p>Use a video to get a customer's attention<\/p>","enlarge_text":true}}},"block_order":["subheading_EcXWYn","heading_xpH8gM","text_8mQh3T"],"settings":{"video_shopify":"shopify:\/\/files\/videos\/F2R_BANNER.mp4","video_external":"https:\/\/www.youtube.com\/watch?v=_9VUPq3SxOc","video_description":"","text_alignment":"center center","height_desktop":600,"height_mobile":500,"full_width":true,"overlay_style":"shadow"}},"faq_header_8jfwMz":{"type":"faq-header","settings":{"title":"FAQ","use_h1":false,"text":"","show_search":true,"show_index":true,"index_heading":"How can we help?"}},"collapsible_tabs_GWmUe3":{"type":"collapsible-tabs","blocks":{"question_CDLcjN":{"type":"question","settings":{"title":"Question 1","answer":"<p>Answer 1<\/p>"}},"question_pydC3f":{"type":"question","settings":{"title":"Question 2","answer":"<p>Answer 2<\/p>"}}},"block_order":["question_CDLcjN","question_pydC3f"],"settings":{"title":"Collapsible tabs"}},"countdown_timer_yHKyWF":{"type":"countdown-timer","blocks":{"subheading_YVLDKY":{"type":"subheading","settings":{"subheading":"Subheading"}},"heading_iYixw9":{"type":"heading","settings":{"title":"Countdown timer","use_h1":false}},"text_fJDnpA":{"type":"text","settings":{"text":"<p>Create urgency around an offer or event using a countdown timer.<\/p>","enlarge_text":true}},"countdown_Gb7D7k":{"type":"countdown","settings":{"end_date":"","end_time":"","end_text":"","hide_on_end":false,"number_size":60,"number_font":"base","divider_type":"colon","show_timer_labels":true}},"button_aEYBjb":{"type":"button","settings":{"button_label":"Button text","button_link":"","button_style":"primary"}}},"block_order":["subheading_YVLDKY","heading_iYixw9","text_fJDnpA","countdown_Gb7D7k","button_aEYBjb"],"settings":{"show_image":true,"image":"shopify:\/\/shop_images\/Hoka_Racing.jpg","image_link":"","show_image_space":false,"image_position":"left","text_alignment":"center","color_scheme":"default"}},"custom_content_rKWAQM":{"type":"custom-content","blocks":{"image_G43xfC":{"type":"image","settings":{"width":"half","image":"shopify:\/\/shop_images\/Race_Gallery_1_fe3ee055-a630-459a-bfa8-387e4ad33ec6.jpg","height":"adapt","height_desktop":600,"height_mobile":500,"subheading":"Subheading","title":"Tell your story","text":"<p>Pair text with an image to tell a story<\/p>","enlarge_text":false,"button_label":"","button_style":"primary","image_link":"","text_alignment":"center center","mobile_overlay_under":false,"overlay_style":"shadow"}},"text_eaM87n":{"type":"text","settings":{"width":"half","subheading":"","title":"Welcome","text":"<p>Use this text to share information about your store with your customers.<\/p><p>Describe products, share announcements, or welcome customers to your store.<\/p>","button_label":"","button_link":"","button_style":"primary","text_alignment":"center"}}},"block_order":["image_G43xfC","text_eaM87n"],"settings":{"alignment":"middle"}},"gallery_BntXDW":{"type":"gallery","blocks":{"media_8dJ9RD":{"type":"media","settings":{"image":"shopify:\/\/shop_images\/F2R_HOTSPOT1.png","enlarge_media":true,"subheading":"Gallery","title":"Tell your story","button_label":"","link":"","text_alignment":"bottom left"}},"media_XQh7aD":{"type":"media","settings":{"image":"shopify:\/\/shop_images\/VARLEY.png","enlarge_media":false,"subheading":"Gallery","title":"Tell your story","button_label":"","link":"","text_alignment":"bottom left"}},"media_yTnkLH":{"type":"media","settings":{"video_shopify":"shopify:\/\/files\/videos\/ON_BANNER.mp4","enlarge_media":false,"subheading":"Gallery","title":"Tell your story","button_label":"","link":"","text_alignment":"bottom left"}},"media_PeBji4":{"type":"media","settings":{"image":"shopify:\/\/shop_images\/F2R_Mobile.png","enlarge_media":true,"subheading":"Gallery","title":"Tell your story","button_label":"","link":"","text_alignment":"bottom left"}}},"block_order":["media_8dJ9RD","media_XQh7aD","media_yTnkLH","media_PeBji4"],"settings":{"grid_desktop":2,"grid_mobile":"1","height":"fixed","desktop_image_height":460,"mobile_image_height":400,"title_size":30,"title_size_mobile":22,"enable_margin":true,"enable_row_spacing":true,"full_width":false,"color_scheme":"default","enable_carousel":true,"overlay_style":"full","button_style":"primary"}},"hotspots_BMkQar":{"type":"hotspots","blocks":{"hotspot_ctKHCb":{"type":"hotspot","settings":{"hotspot_x":28,"hotspot_y":38,"hotspot_x_mobile":28,"hotspot_y_mobile":38,"heading":"Feature name","text":"<p>Share useful information about your product features.<\/p>","icon":"","icon_width":32}},"hotspot_RrQdnG":{"type":"hotspot","settings":{"hotspot_x":60,"hotspot_y":23,"hotspot_x_mobile":60,"hotspot_y_mobile":23,"heading":"Feature name","text":"<p>Share useful information about your product features.<\/p>","icon":"","icon_width":32}},"hotspot_RLMrzB":{"type":"hotspot","settings":{"hotspot_x":73,"hotspot_y":54,"hotspot_x_mobile":73,"hotspot_y_mobile":54,"heading":"Feature name","text":"<p>Share useful information about your product features.<\/p>","icon":"","icon_width":32}}},"block_order":["hotspot_ctKHCb","hotspot_RrQdnG","hotspot_RLMrzB"],"settings":{"image":"shopify:\/\/shop_images\/ON_LIFESTYLE_SECTION.png","hotspot_color":"#070707","button_content":"plus","outer_circle":"pulse","full_width":true,"text_alignment":"top left","overlay_style":"shadow","subheading":"","title":"","use_h1":false,"heading_max_width":10,"text":"","button_1_label":"","button_1_link":"","button_1_style":"secondary","button_2_label":"","button_2_link":"","button_2_style":"primary"}},"key_features_UeKeFF":{"type":"key-features","blocks":{"feature_nxmbL9":{"type":"feature","settings":{"image":"shopify:\/\/shop_images\/ON_SHOP_THE_LOOK.png","bg_color":"#e3e3e3","bg_gradient":"","text_color":"#505050","heading":"Stretch","text":"<p>Describe a key feature in detail.<\/p>","show_segments":true,"segments":5,"active_segment":"4","fill_segments":true,"show_labels":true,"label_left":"","label_middle":"","label_right":"","show_icon":false,"icon":"star"}},"feature_V3gzEr":{"type":"feature","settings":{"image":"shopify:\/\/shop_images\/VUORI.png","bg_color":"#c3c3c3","bg_gradient":"","text_color":"#505050","heading":"Warmth","text":"<p>Describe a key feature in detail.<\/p>","show_segments":true,"segments":5,"active_segment":"2","fill_segments":true,"show_labels":true,"label_left":"","label_middle":"","label_right":"","show_icon":false,"icon":"star"}},"feature_36nHKq":{"type":"feature","settings":{"image":"shopify:\/\/shop_images\/diadora_Sestriere_XT2.png","bg_color":"#e3e3e3","bg_gradient":"","text_color":"#505050","heading":"Water resistance","text":"<p>Describe a key feature in detail.<\/p>","show_segments":true,"segments":5,"active_segment":"3","fill_segments":true,"show_labels":true,"label_left":"","label_middle":"","label_right":"","show_icon":false,"icon":"star"}}},"block_order":["feature_nxmbL9","feature_V3gzEr","feature_36nHKq"],"settings":{"heading":"Key features","image_max_width":700,"media_aspect_ratio":"1","image_position":"left","segment_position":"over-text"}},"image_with_text_overlay_fzb96f":{"type":"image-with-text-overlay","blocks":{"subheading_cPdq7h":{"type":"subheading","settings":{"subheading":"Tell your story"}},"heading_mqQwrV":{"type":"heading","settings":{"title":"Image with text overlay","heading_max_width":15,"title_size":84,"title_size_mobile":32,"use_h1":false}},"text_qnKGHJ":{"type":"text","settings":{"text":"<p>Promote your brand or products with this feature section<\/p>","enlarge_text":true}}},"block_order":["subheading_cPdq7h","heading_mqQwrV","text_qnKGHJ"],"settings":{"image":"shopify:\/\/shop_images\/On_Collection_Cloudsurfer_Trail.png","height":"fixed","height_desktop":600,"height_mobile":460,"image_link":"","full_width":true,"text_alignment":"center center","mobile_overlay_under":false,"overlay_style":"shadow"}},"logo_list_6wyEwG":{"type":"logo-list","blocks":{"logo_LHQX4w":{"type":"logo","settings":{"image":"shopify:\/\/shop_images\/Brooks_Logo.png","image_width":160,"link":"","title":""}},"logo_YXNPry":{"type":"logo","settings":{"image":"shopify:\/\/shop_images\/Asics_Logo.png","image_width":160,"link":"","title":""}},"logo_dcNf4b":{"type":"logo","settings":{"image":"shopify:\/\/shop_images\/Hoka_Logo.png","image_width":160,"link":"","title":""}},"logo_dg6eAg":{"type":"logo","settings":{"image":"shopify:\/\/shop_images\/Fit2Run_Logo_White.png","image_width":160,"link":"","title":""}}},"block_order":["logo_LHQX4w","logo_YXNPry","logo_dcNf4b","logo_dg6eAg"],"settings":{"title":"Logo list","image_opacity":75,"color_scheme":"default"}},"map_MKirbj":{"type":"map","settings":{"full_width":true,"color_scheme":"1","heading":"Our store","address":"<p>123 Fake St.<br\/>Toronto, Canada<\/p><p>Mon - Fri, 10am - 9pm<br\/>Saturday, 11am - 9pm<br\/>Sunday, 11am - 5pm<\/p>","button":"Directions","show_pin":true,"show_feature_image":true,"feature_image":"shopify:\/\/shop_images\/Store_Map_Website.png","map_address":"80 Spadina Ave, Toronto","api_key":"","map_type":"embed","map_style":"silver","background_image":"shopify:\/\/shop_images\/F2R_HOTSPOT1.png"}},"multi_column_t4qxWt":{"type":"multi-column","blocks":{"text_block_P4RDeT":{"type":"text_block","settings":{"enable_media":true,"image":"shopify:\/\/shop_images\/VUORI.png","title":"Add a title or tagline","text":"<p>Share blog posts, products, or promotions with your customers. Use this text to describe products, share details on availability and style, or as a space to display recent reviews or FAQs.<\/p>","button_label":"","link":""}},"text_block_N3hhmM":{"type":"text_block","settings":{"enable_media":true,"image":"shopify:\/\/shop_images\/VARLEY.png","title":"Add a title or tagline","text":"<p>Share blog posts, products, or promotions with your customers. Use this text to describe products, share details on availability and style, or as a space to display recent reviews or FAQs.<\/p>","button_label":"","link":""}},"text_block_qV8VRU":{"type":"text_block","settings":{"enable_media":true,"image":"shopify:\/\/shop_images\/Hoka_Collection_Speedgoat_6.png","title":"Add a title or tagline","text":"<p>Share blog posts, products, or promotions with your customers. Use this text to describe products, share details on availability and style, or as a space to display recent reviews or FAQs.<\/p>","button_label":"","link":""}}},"block_order":["text_block_P4RDeT","text_block_N3hhmM","text_block_qV8VRU"],"settings":{"title":"Multi-column","media_aspect_ratio":"s","media_width":700,"text_alignment":"center","button_style":"primary","color_scheme":"default"}},"product_list_RiDRtd":{"type":"product-list","settings":{"title":"Product list","product_list":["2xu_mcs_x-training_compression_short_mens","2xu-compression-tight-womens","2xu-fitness-compression-34-tight-womens","2xu-mcs-run-compression-tight-womens"],"show_vendor":false,"enable_carousel":true,"grid":4,"color_scheme":"default","full_width":true}},"shop_the_look_8UEMcz":{"type":"shop-the-look","blocks":{"subheading_LfmXfL":{"type":"subheading","settings":{"subheading":"Tell your story"}},"heading_DzypqN":{"type":"heading","settings":{"title":"Shop the look","heading_max_width":10,"title_size":56,"title_size_mobile":26,"use_h1":false}},"text_BNxHBi":{"type":"text","settings":{"text":"<p>Promote your products with this section<\/p>","enlarge_text":true}}},"block_order":["subheading_LfmXfL","heading_DzypqN","text_BNxHBi"],"settings":{"image":"shopify:\/\/shop_images\/Brooks_Hotspots1.png","mobile_image":"shopify:\/\/shop_images\/ON_SHOP_THE_LOOK.png","video_external":"","video_description":"","height":"fixed","height_desktop":600,"height_mobile":460,"product_list":["100-speedcraft-sl-mirror-sunglasses-unisex","100-s3-mirror-sunglasses-unisex","100-norvik-mirror-sunglasses-unisex","100-hypercraft-xs-jr-mirror-lens-sunglasses-kids"],"products_alignment":"bottom right","product_card_layout":"landscape","show_swatches":true,"full_width":true,"text_alignment":"top left","mobile_overlay_over":false,"overlay_style":"shadow"}},"video_with_text_tgafUe":{"type":"video-with-text","blocks":{"heading_p6qfMN":{"type":"heading","settings":{"title":"Video with text","use_h1":false}},"text_RjQMGj":{"type":"text","settings":{"text":"<p>Pair text with a video to give customers insight into your brand. Tell a story, explain a product detail, or describe a new promotion.<\/p>","enlarge_text":false}},"button_H66rJ3":{"type":"button","settings":{"button_label":"Button text","button_link":"","button_style":"primary"}}},"block_order":["heading_p6qfMN","text_RjQMGj","button_H66rJ3"],"settings":{"video_shopify":"shopify:\/\/files\/videos\/HOKA_BANNER2.mp4","video_external":"https:\/\/www.youtube.com\/watch?v=_9VUPq3SxOc","video_description":"","autoplay":false,"video_position":"left","text_alignment":"center","color_scheme":"default"}}},"order":["main","featured_collection_bf8YEH","featured_product_qHFtLW","collection_list_UVabkH","rich_text_YV9WMM","image_with_text_JYUytH","slideshow_W8hihh","newsletter_dknppx","video_m3GfkP","featured_blog_RbBmXQ","background_video_WF89Cg","faq_header_8jfwMz","collapsible_tabs_GWmUe3","countdown_timer_yHKyWF","custom_content_rKWAQM","gallery_BntXDW","hotspots_BMkQar","key_features_UeKeFF","image_with_text_overlay_fzb96f","logo_list_6wyEwG","map_MKirbj","multi_column_t4qxWt","product_list_RiDRtd","shop_the_look_8UEMcz","video_with_text_tgafUe"]}