{"sections":{"main":{"type":"compare-page","blocks":{"metafield_VdnmLN":{"type":"metafield","settings":{"label":"Activity:","namespace":"custom","key":"activity"}},"metafield_ExkrmE":{"type":"metafield","settings":{"label":"Location:","namespace":"custom","key":"shoe_location"}},"metafield_UpkcDH":{"type":"metafield","settings":{"label":"Drop (mm):","namespace":"custom","key":"heel_toe_drop"}},"metafield_9Yy9qD":{"type":"metafield","settings":{"label":"Shoe Weight:","namespace":"custom","key":"shoe_weight"}}},"block_order":["metafield_VdnmLN","metafield_ExkrmE","metafield_UpkcDH","metafield_9Yy9qD"],"settings":{}}},"order":["main"]}