{"sections":{"main":{"type":"main-page","disabled":true,"settings":{"show_page_title":true,"full_width":false}},"image_with_text_overlay_Y4pMjK":{"type":"image-with-text-overlay","blocks":{"subheading_MniXhR":{"type":"subheading","settings":{"subheading":"ST. PETERSBURG"}},"heading_b6fbYV":{"type":"heading","settings":{"title":"TYRONE SQUARE","heading_max_width":15,"title_size":84,"title_size_mobile":32,"use_h1":false}}},"block_order":["subheading_MniXhR","heading_b6fbYV"],"custom_css":[".text-overlay__text {color: #171717;}"],"settings":{"image":"shopify:\/\/shop_images\/white.png","height":"fixed","height_desktop":200,"height_mobile":160,"image_link":"","full_width":true,"text_alignment":"center center","mobile_overlay_under":false,"overlay_style":"no_background"}},"scrolling_banner_cyrRFn":{"type":"scrolling-banner","blocks":{"text_Wz9yfK":{"type":"text","settings":{"text":"NOW OPEN","color":"#f7f7f8","link":"","use_h1":false,"stencil_all_text":false,"stencil_text":""}}},"block_order":["text_Wz9yfK"],"settings":{"full_width":true,"color_scheme":"2","text_size":16,"vertical_padding":14,"speed":26,"direction":"right","font":"heading","space":70}},"map_4Xbeqk":{"type":"map","settings":{"full_width":true,"color_scheme":"default","heading":"","address":"<h4>STORE HOURS:<\/h4><p>Monday: 11 AM - 8 PM<\/p><p>Tuesday: 11 AM - 8 PM<\/p><p>Wednesday: 11 AM - 8 PM<\/p><p>Thursday: 11 AM - 8 PM<\/p><p>Friday: 10 AM - 9 PM<\/p><p>Saturday: 10 AM - 9 PM<\/p><p>Sunday: 11 AM - 7 PM<\/p><h4>STORE PHONE #:<\/h4><h6><strong>(727) 308-3255<\/strong><\/h6><h4>ADDRESS:<\/h4><h6>6901 22ND AVE N, ST. PETERSBURG, FL 33710<\/h6>","button":"Directions","show_pin":true,"show_feature_image":false,"map_address":"6901 22ND AVE N, ST. PETERSBURG, FL 33710","api_key":"AIzaSyBXyIvH_A_lizFVtY8oXsx0Jg75whMenEI","map_type":"dynamic","map_style":"retro"}},"custom_content_D4UyGD":{"type":"custom-content","blocks":{"text_w7kkyn":{"type":"text","settings":{"width":"half","subheading":"","title":"BIKE SHOP","text":"","button_label":"EXPLORE MORE","button_link":"","button_style":"link","text_alignment":"center"}},"text_7hNmX9":{"type":"text","settings":{"width":"half","subheading":"","title":"SPOKE BIKE BAR","text":"","button_label":"EXPLORE MORE","button_link":"","button_style":"link","text_alignment":"center"}}},"block_order":["text_w7kkyn","text_7hNmX9"],"disabled":true,"settings":{"alignment":"middle"}},"scrolling_banner_pE3wP7":{"type":"scrolling-banner","blocks":{"image_MyPiec":{"type":"image","settings":{"image":"shopify:\/\/shop_images\/Untitled-5.jpg","image_width":100,"link":"shopify:\/\/pages\/on-brand-page"}},"image_AYYycA":{"type":"image","disabled":true,"settings":{"image":"shopify:\/\/shop_images\/Hoka_Logo.png","image_width":100,"link":"shopify:\/\/pages\/hoka-brand-page"}},"image_8PdPQf":{"type":"image","settings":{"image":"shopify:\/\/shop_images\/Asics_Logo.png","image_width":100,"link":"shopify:\/\/pages\/asics-brand-page"}},"image_w6m6Mf":{"type":"image","settings":{"image":"shopify:\/\/shop_images\/Brooks_Logo.png","image_width":220,"link":"shopify:\/\/pages\/brooks-brand-page"}}},"block_order":["image_MyPiec","image_AYYycA","image_8PdPQf","image_w6m6Mf"],"settings":{"full_width":true,"color_scheme":"default","text_size":50,"vertical_padding":7,"speed":26.5,"direction":"left","font":"heading","space":50}},"testimonials_M8crif":{"type":"testimonials","blocks":{"testimonial_EiFMfy":{"type":"testimonial","settings":{"star_rating":5,"testimonial":"Add customer reviews and testimonials to showcase your store’s happy customers.","author":"AUTHOR\"S NAME","image":"shopify:\/\/shop_images\/Untitled-1.png","image_caption":"","link":""}},"testimonial_H9G6yh":{"type":"testimonial","settings":{"star_rating":5,"testimonial":"Add customer reviews and testimonials to showcase your store’s happy customers.","author":"Author's name","image":"shopify:\/\/shop_images\/Untitled-1.png","image_caption":"","link":""}}},"block_order":["testimonial_EiFMfy","testimonial_H9G6yh"],"disabled":true,"settings":{"title":"Customer reviews","layout":"image-right","text_caps":false,"quote_text_size":25,"quote_text_size_mobile":20,"image_shape":"square","color_scheme":"default","autoplay":true,"autoplay_speed":5}},"rich_text_W9naHT":{"type":"rich-text","blocks":{"heading_VM9mPL":{"type":"heading","settings":{"title":"ABOUT TYRONE SQUARE","use_h1":false}},"text_ywVjhB":{"type":"text","settings":{"use_metadata":false,"text":"<p>Sugar-sand beaches. The Dali Museum. Fit2Run Tyrone Square Mall.. Whether you live here or are just visiting fabulous Florida, Fit2Run at Tyrone Square Mall should be on  your must-visit list. Right off of Tyrone Blvd. through residential St. Petersburg and minutes from Central Avenue, Fit2Run Tyrone  is your one-stop shop for all things running and walking.<\/p><p>When it comes to running shoe stores, St. Petersburg, Fl. offers lots of options. But there are lots of reasons we should be your first choice here in Sunshine City when you're looking for running shoes. We're proud to be one of the premiere St. Pete running shoe stores and a leading retailer of athletic footwear.<\/p><p>Our helpful staff members can even provide you with a free videotaped gait analysis to help you find the right shoes for the way you move and type of body you have. Step on to our iStep System to identify your shoe size, pressure points and foot type to help you find exactly the right footwear and orthotics for your unique feet. When you've selected your shoes, try them out on our Fit2Run indoor track.<\/p><p>You'll find all the best brands here, of course, like On, Brooks, ASICS and HOKA. In addition to premium running shoes and walking shoes, we offer recovery sandals and shoes to help you soothe your sore feet and aching joints after a particularly heavy workout or a grueling race. We also have all the running shorts and sports apparel necessary for keeping cool while looking cool under the hot Florida sun.<\/p>","enlarge_text":false}}},"block_order":["heading_VM9mPL","text_ywVjhB"],"settings":{"height":"medium","text_alignment":"center","full_width":false,"color_scheme":"default"}}},"order":["main","image_with_text_overlay_Y4pMjK","scrolling_banner_cyrRFn","map_4Xbeqk","custom_content_D4UyGD","scrolling_banner_pE3wP7","testimonials_M8crif","rich_text_W9naHT"]}