{"sections":{"main":{"type":"main-page","disabled":true,"settings":{"show_page_title":true,"full_width":false}},"image_with_text_overlay_Y4pMjK":{"type":"image-with-text-overlay","blocks":{"subheading_MniXhR":{"type":"subheading","settings":{"subheading":"FIT2RUN FLORIDA"}},"heading_b6fbYV":{"type":"heading","settings":{"title":"ESTERO","heading_max_width":15,"title_size":84,"title_size_mobile":32,"use_h1":false}}},"block_order":["subheading_MniXhR","heading_b6fbYV"],"custom_css":[".text-overlay__text {color: #171717;}"],"settings":{"image":"shopify:\/\/shop_images\/white.png","height":"fixed","height_desktop":200,"height_mobile":160,"image_link":"","full_width":true,"text_alignment":"center center","mobile_overlay_under":false,"overlay_style":"no_background"}},"scrolling_banner_cyrRFn":{"type":"scrolling-banner","blocks":{"text_Wz9yfK":{"type":"text","settings":{"text":"RUN CLUB WEDNESDAYS @ 6:30 PM","color":"#f7f7f8","link":"","use_h1":false,"stencil_all_text":false,"stencil_text":""}}},"block_order":["text_Wz9yfK"],"settings":{"full_width":true,"color_scheme":"2","text_size":16,"vertical_padding":14,"speed":26,"direction":"left","font":"heading","space":90}},"map_4Xbeqk":{"type":"map","custom_css":["p {margin-bottom: 4px;}"],"settings":{"full_width":true,"color_scheme":"default","heading":"","address":"<h4>STORE HOURS:<\/h4><p>Monday: 10 AM - 8 PM<\/p><p>Tuesday: 10 AM - 8 PM<\/p><p>Wednesday: 10 AM - 8 PM<\/p><p>Thursday: 10 AM - 8 PM<\/p><p>Friday: 10 AM - 8 PM<\/p><p>Saturday: 10 AM - 8 PM<\/p><p>Sunday: 12 PM - 6 PM<\/p><h4>STORE PHONE #:<\/h4><h6>(239) 947-2786<\/h6><h4>ADDRESS:<\/h4><h6>23190 FASHION DR SUITE 109, ESTERO, FL 33928<\/h6>","button":"Directions","show_pin":true,"show_feature_image":false,"map_address":"23190 Fashion Dr Suite 109Estero, 33928","api_key":"AIzaSyBXyIvH_A_lizFVtY8oXsx0Jg75whMenEI","map_type":"dynamic","map_style":"retro"}},"custom_content_D4UyGD":{"type":"custom-content","settings":{"alignment":"middle"}},"scrolling_banner_pE3wP7":{"type":"scrolling-banner","blocks":{"image_MyPiec":{"type":"image","settings":{"image":"shopify:\/\/shop_images\/Untitled-5.jpg","image_width":90,"link":"shopify:\/\/pages\/on-brand-page"}},"image_AYYycA":{"type":"image","settings":{"image":"shopify:\/\/shop_images\/Hoka_Logo.png","image_width":130,"link":"shopify:\/\/pages\/hoka-brand-page"}},"image_8PdPQf":{"type":"image","settings":{"image":"shopify:\/\/shop_images\/Asics_Logo.png","image_width":145,"link":"shopify:\/\/pages\/asics-brand-page"}},"image_w6m6Mf":{"type":"image","settings":{"image":"shopify:\/\/shop_images\/Brooks_Logo.png","image_width":220,"link":"shopify:\/\/pages\/brooks-brand-page"}}},"block_order":["image_MyPiec","image_AYYycA","image_8PdPQf","image_w6m6Mf"],"settings":{"full_width":true,"color_scheme":"default","text_size":50,"vertical_padding":7,"speed":26.5,"direction":"left","font":"heading","space":85}},"testimonials_M8crif":{"type":"testimonials","blocks":{"testimonial_EiFMfy":{"type":"testimonial","settings":{"star_rating":5,"testimonial":"Thank you so much for your expertise and guidance.","author":"DANIEL W.","image_caption":"","link":""}},"testimonial_H9G6yh":{"type":"testimonial","settings":{"star_rating":5,"testimonial":"The staff was very helpful and knowledgeable.","author":"KRIS H.","image":"shopify:\/\/shop_images\/Untitled-1.png","image_caption":"","link":""}},"testimonial_pJPBkD":{"type":"testimonial","settings":{"star_rating":5,"testimonial":"Excellent place for all runner's needs!","author":"MATTIA P.","image_caption":"","link":""}}},"block_order":["testimonial_EiFMfy","testimonial_H9G6yh","testimonial_pJPBkD"],"settings":{"title":"Customer reviews","layout":"no-image","text_caps":false,"quote_text_size":25,"quote_text_size_mobile":20,"image_shape":"square","color_scheme":"default","autoplay":true,"autoplay_speed":5}},"rich_text_W9naHT":{"type":"rich-text","blocks":{"heading_VM9mPL":{"type":"heading","settings":{"title":"ABOUT ESTERO","use_h1":false}},"text_ywVjhB":{"type":"text","settings":{"use_metadata":false,"text":"<p>The mild weather in Southwest Florida makes running, walking and other forms of exercise enjoyable all year. Whether you're visiting this vacation paradise or are lucky enough to live here, if you are serious about fun, comfort and healthy workouts, you owe it to yourself to visit the Fit2Run Coconut Point Mall Store in Estero, Florida. Conveniently located between Naples and Fort Myers, our store is in one of the area's most popular new shopping malls.<\/p><p>We carry a big variety of walking, athletic and running shoes as well as lots of sports accessories that can help you run better and feel better. If you're looking for athletic gear and footwear, we carry premium brands like Brooks Running, ASICS, Hoka, and On Running.<\/p><p>To ensure a perfect fit, come into our Estero store for a free videotaped gait analysis to find the right shoes for your foot type and the way you walk or run. Then step onto our Aetrex Albert 2 system to instantly identify your foot type, pressure points and shoe size, making recommendations for the best orthotics and footwear to suit your unique feet.<\/p><p>In addition to shoes for walking and running, we carry several styles of OOFOS recovery sandals. Designed to help your body recover from aches and pains, these sandals are also perfect just for strolling on Southwest Florida's subtropical beaches.<\/p><p>You'll also find plenty of great sports accessories here to help you attain your personal best and meet your health goals. We carry Garmin sports watches to track your workouts as well as cables to keep these devices charged and updated. We also stock accessories like massage balls, roller massagers and even nipple protectors.<\/p><p>If you're looking to get even more out of your shopping experience, consider <a href=\"https:\/\/www.fit2run.com\/club-membership\">joining Club Fit2Run<\/a>. For a nominal fee, you'll enjoy numerous perks, like invitations to VIP events, sneak previews of exciting new products and services and money-saving discounts.<\/p>","enlarge_text":false}}},"block_order":["heading_VM9mPL","text_ywVjhB"],"settings":{"height":"medium","text_alignment":"center","full_width":false,"color_scheme":"default"}}},"order":["main","image_with_text_overlay_Y4pMjK","scrolling_banner_cyrRFn","map_4Xbeqk","custom_content_D4UyGD","scrolling_banner_pE3wP7","testimonials_M8crif","rich_text_W9naHT"]}