{"sections":{"main":{"type":"main-page","disabled":true,"settings":{"show_page_title":true,"full_width":false}},"image_with_text_overlay_Y4pMjK":{"type":"image-with-text-overlay","blocks":{"subheading_MniXhR":{"type":"subheading","settings":{"subheading":"FIT2RUN MIAMI"}},"heading_b6fbYV":{"type":"heading","settings":{"title":"AVENTURA","heading_max_width":15,"title_size":84,"title_size_mobile":32,"use_h1":false}}},"block_order":["subheading_MniXhR","heading_b6fbYV"],"custom_css":[".text-overlay__text {color: #171717;}"],"settings":{"image":"shopify:\/\/shop_images\/white.png","height":"fixed","height_desktop":200,"height_mobile":160,"image_link":"","full_width":true,"text_alignment":"center center","mobile_overlay_under":false,"overlay_style":"no_background"}},"scrolling_banner_cyrRFn":{"type":"scrolling-banner","blocks":{"text_Wz9yfK":{"type":"text","settings":{"text":"NOW OPEN","color":"#f7f7f8","link":"","use_h1":false,"stencil_all_text":false,"stencil_text":""}}},"block_order":["text_Wz9yfK"],"settings":{"full_width":true,"color_scheme":"2","text_size":16,"vertical_padding":14,"speed":26,"direction":"left","font":"heading","space":90}},"map_4Xbeqk":{"type":"map","custom_css":["p {margin-bottom: 4px;}"],"settings":{"full_width":true,"color_scheme":"default","heading":"","address":"<h4>STORE HOURS:<\/h4><p>Monday: 11 AM - 7 PM<\/p><p>Tuesday: 11 AM - 7 PM<\/p><p>Wednesday: 11 AM - 7 PM<\/p><p>Thursday: 11 AM - 7 PM<\/p><p>Friday: 11 AM - 8 PM<\/p><p>Saturday: 11 AM - 8 PM<\/p><p>Sunday: 12 PM - 6 PM<\/p><h4>STORE PHONE #:<\/h4><h6>(786) 826-9276<\/h6><h4>ADDRESS:<\/h4><h6>19505 BISCAYNE BLVD SUITE 3260, MIAMI, FL 33180<\/h6><h6><\/h6><h6><\/h6>","button":"Directions","show_pin":true,"show_feature_image":false,"map_address":"19505 Biscayne Blvd.Suite 3260 Miami 33180","api_key":"AIzaSyBXyIvH_A_lizFVtY8oXsx0Jg75whMenEI","map_type":"dynamic","map_style":"retro"}},"custom_content_D4UyGD":{"type":"custom-content","settings":{"alignment":"middle"}},"scrolling_banner_pE3wP7":{"type":"scrolling-banner","blocks":{"image_MyPiec":{"type":"image","settings":{"image":"shopify:\/\/shop_images\/Untitled-5.jpg","image_width":90,"link":"shopify:\/\/pages\/on-brand-page"}},"image_AYYycA":{"type":"image","settings":{"image":"shopify:\/\/shop_images\/Hoka_Logo.png","image_width":130,"link":"shopify:\/\/pages\/hoka-brand-page"}},"image_8PdPQf":{"type":"image","settings":{"image":"shopify:\/\/shop_images\/Asics_Logo.png","image_width":145,"link":"shopify:\/\/pages\/asics-brand-page"}},"image_w6m6Mf":{"type":"image","settings":{"image":"shopify:\/\/shop_images\/Brooks_Logo.png","image_width":220,"link":"shopify:\/\/pages\/brooks-brand-page"}}},"block_order":["image_MyPiec","image_AYYycA","image_8PdPQf","image_w6m6Mf"],"settings":{"full_width":true,"color_scheme":"default","text_size":50,"vertical_padding":7,"speed":26.5,"direction":"left","font":"heading","space":85}},"testimonials_M8crif":{"type":"testimonials","settings":{"title":"Customer reviews","layout":"image-right","text_caps":false,"quote_text_size":25,"quote_text_size_mobile":20,"image_shape":"square","color_scheme":"default","autoplay":true,"autoplay_speed":5}},"rich_text_W9naHT":{"type":"rich-text","blocks":{"heading_VM9mPL":{"type":"heading","settings":{"title":"ABOUT AVENTURA","use_h1":false}},"text_ywVjhB":{"type":"text","settings":{"use_metadata":false,"text":"<p>Conveniently located in Miami’s best luxury shopping mall, our unique sports store is a must-visit for serious runners as well as anyone else who takes their footwear seriously. Our Fit2Run Aventura superstore stocks a huge inventory of the best running shoes. You'll find all the best brands here, like On, Brooks, Asics, Hoka, and more!<\/p><p>We also carry technical running gear like compression shorts and socks that will help you run stronger and longer. Our recovery sandals will soothe sore feet and stressed joints. They're also great for strolling on one of the Sunshine State's beautiful beaches. If you or someone you care about suffers from plantar fasciitis or other foot problems, we have orthotics to help them too.<\/p><p>But we're not just a running store. Our Aventura  location has much more in store for you. Beyond running shoes, shopping at Fit2Run can provide you with walking shoes to maximize your comfort, whether you're hitting the trails or ambling down a city street.<\/p>","enlarge_text":false}}},"block_order":["heading_VM9mPL","text_ywVjhB"],"settings":{"height":"medium","text_alignment":"center","full_width":false,"color_scheme":"default"}}},"order":["main","image_with_text_overlay_Y4pMjK","scrolling_banner_cyrRFn","map_4Xbeqk","custom_content_D4UyGD","scrolling_banner_pE3wP7","testimonials_M8crif","rich_text_W9naHT"]}