{"sections":{"rich_text_8g6AFg":{"type":"rich-text","blocks":{"heading_zLc9k4":{"type":"heading","settings":{"title":"Contact Us","use_h1":true}},"text_FK7U9E":{"type":"text","settings":{"use_metadata":false,"text":"<p>You're welcome to contact us with the form below or give us a call at:<\/p><p>(941) - 531 - 8022<\/p><p>Monday - Sunday: 9am EST - 5pm EST<\/p>","enlarge_text":true}}},"block_order":["heading_zLc9k4","text_FK7U9E"],"settings":{"height":"medium","text_alignment":"center","full_width":false,"color_scheme":"default"}},"main":{"type":"main-page","settings":{"show_page_title":false,"full_width":false}}},"order":["rich_text_8g6AFg","main"]}