{"sections":{"main":{"type":"main-page","disabled":true,"settings":{"show_page_title":true,"full_width":false}},"image_with_text_overlay_Y4pMjK":{"type":"image-with-text-overlay","blocks":{"subheading_MniXhR":{"type":"subheading","settings":{"subheading":"FIT2RUN FLORIDA"}},"heading_b6fbYV":{"type":"heading","settings":{"title":"ELLENTON","heading_max_width":15,"title_size":84,"title_size_mobile":32,"use_h1":false}}},"block_order":["subheading_MniXhR","heading_b6fbYV"],"custom_css":[".text-overlay__text {color: #171717;}"],"settings":{"image":"shopify:\/\/shop_images\/white.png","height":"fixed","height_desktop":200,"height_mobile":160,"image_link":"","full_width":true,"text_alignment":"center center","mobile_overlay_under":false,"overlay_style":"no_background"}},"scrolling_banner_cyrRFn":{"type":"scrolling-banner","blocks":{"text_Wz9yfK":{"type":"text","settings":{"text":"RUN CLUB TUESDAYS @ 6:00 PM","color":"#f7f7f8","link":"","use_h1":false,"stencil_all_text":false,"stencil_text":""}}},"block_order":["text_Wz9yfK"],"settings":{"full_width":true,"color_scheme":"2","text_size":16,"vertical_padding":14,"speed":26,"direction":"left","font":"heading","space":90}},"map_4Xbeqk":{"type":"map","custom_css":["p {margin-bottom: 4px;}"],"settings":{"full_width":true,"color_scheme":"default","heading":"","address":"<h4>STORE HOURS:<\/h4><p>Monday: 11 AM - 7 PM<\/p><p>Tuesday: 11 AM - 7 PM<\/p><p>Wednesday: 11 AM - 7 PM<\/p><p>Thursday: 11 AM - 7 PM<\/p><p>Friday: 11 AM - 8 PM<\/p><p>Saturday: 11 AM - 8 PM<\/p><p>Sunday: 12 PM - 6 PM<\/p><h4>STORE PHONE #:<\/h4><h6>(941) 216-7667<\/h6><h4>ADDRESS:<\/h4><h6>5545 FACTORY SHOPS BLVD, ELLENTON, FL 34222<\/h6>","button":"Directions","show_pin":true,"show_feature_image":false,"map_address":"5545 Factory Shops Blvd Ellenton, 34222","api_key":"AIzaSyBXyIvH_A_lizFVtY8oXsx0Jg75whMenEI","map_type":"dynamic","map_style":"retro"}},"custom_content_D4UyGD":{"type":"custom-content","settings":{"alignment":"middle"}},"scrolling_banner_pE3wP7":{"type":"scrolling-banner","blocks":{"image_MyPiec":{"type":"image","settings":{"image":"shopify:\/\/shop_images\/Untitled-5.jpg","image_width":90,"link":"shopify:\/\/pages\/on-brand-page"}},"image_AYYycA":{"type":"image","settings":{"image":"shopify:\/\/shop_images\/Hoka_Logo.png","image_width":130,"link":"shopify:\/\/pages\/hoka-brand-page"}},"image_8PdPQf":{"type":"image","settings":{"image":"shopify:\/\/shop_images\/Asics_Logo.png","image_width":145,"link":"shopify:\/\/pages\/asics-brand-page"}},"image_w6m6Mf":{"type":"image","settings":{"image":"shopify:\/\/shop_images\/Brooks_Logo.png","image_width":220,"link":"shopify:\/\/pages\/brooks-brand-page"}}},"block_order":["image_MyPiec","image_AYYycA","image_8PdPQf","image_w6m6Mf"],"settings":{"full_width":true,"color_scheme":"default","text_size":50,"vertical_padding":7,"speed":26.5,"direction":"left","font":"heading","space":85}},"testimonials_M8crif":{"type":"testimonials","blocks":{"testimonial_EiFMfy":{"type":"testimonial","settings":{"star_rating":5,"testimonial":"The associate was a tremendous help.  Fit2Run always has a good selection, but finding the right shoe was much easier with a knowledgeable and patient employee.  Thank you!","author":"LINDA R.","image":"shopify:\/\/shop_images\/Ellenton_3.png","image_caption":"","link":""}},"testimonial_H9G6yh":{"type":"testimonial","settings":{"star_rating":5,"testimonial":"Very clean environment. Staff are very nice as well as attentive to all customers. I’ll definitely be back. Great recommendation on shoes.","author":"NICOLE B.","image":"shopify:\/\/shop_images\/Ellenton_2.png","image_caption":"","link":""}},"testimonial_6xXDFf":{"type":"testimonial","settings":{"star_rating":5,"testimonial":"They really know how to find the right shoe for you.","author":"BUD P.","image":"shopify:\/\/shop_images\/Ellenton_1.png","image_caption":"","link":""}}},"block_order":["testimonial_EiFMfy","testimonial_H9G6yh","testimonial_6xXDFf"],"settings":{"title":"Customer reviews","layout":"image-right","text_caps":false,"quote_text_size":25,"quote_text_size_mobile":20,"image_shape":"square","color_scheme":"default","autoplay":true,"autoplay_speed":5}},"rich_text_W9naHT":{"type":"rich-text","blocks":{"heading_VM9mPL":{"type":"heading","settings":{"title":"ABOUT ELLENTON","use_h1":false}},"text_ywVjhB":{"type":"text","settings":{"use_metadata":false,"text":"<p>Fit2Run at Ellenton Premium Outlets is Fit2Run’s first ever Outlet location! Here, you will find great deals from all of your favorite running brands like Brooks, ASICS, Hoka, and more! Located right next door to Under Armor and accessible via the Express Entrance, Fit2Run Ellenton has everything you need to get running! If you're looking to get even more out of your visits to our store, consider joining Club Fit2Run.<\/p>","enlarge_text":false}}},"block_order":["heading_VM9mPL","text_ywVjhB"],"settings":{"height":"medium","text_alignment":"center","full_width":false,"color_scheme":"default"}}},"order":["main","image_with_text_overlay_Y4pMjK","scrolling_banner_cyrRFn","map_4Xbeqk","custom_content_D4UyGD","scrolling_banner_pE3wP7","testimonials_M8crif","rich_text_W9naHT"]}