{"sections":{"main":{"type":"main-page","disabled":true,"settings":{"show_page_title":true,"full_width":false}},"image_with_text_overlay_Y4pMjK":{"type":"image-with-text-overlay","blocks":{"subheading_MniXhR":{"type":"subheading","settings":{"subheading":"FIT2RUN ORLANDO"}},"heading_b6fbYV":{"type":"heading","settings":{"title":"FLAMINGO CROSSINGS","heading_max_width":15,"title_size":84,"title_size_mobile":32,"use_h1":false}}},"block_order":["subheading_MniXhR","heading_b6fbYV"],"custom_css":[".text-overlay__text {color: #171717;}"],"settings":{"image":"shopify:\/\/shop_images\/white.png","height":"fixed","height_desktop":200,"height_mobile":160,"image_link":"","full_width":true,"text_alignment":"center center","mobile_overlay_under":false,"overlay_style":"no_background"}},"scrolling_banner_cyrRFn":{"type":"scrolling-banner","blocks":{"text_Wz9yfK":{"type":"text","settings":{"text":"RUN CLUB WEDNESDAYS @ 7:00 PM","color":"#f7f7f8","link":"","use_h1":false,"stencil_all_text":false,"stencil_text":""}}},"block_order":["text_Wz9yfK"],"settings":{"full_width":true,"color_scheme":"2","text_size":16,"vertical_padding":14,"speed":26,"direction":"left","font":"heading","space":90}},"map_4Xbeqk":{"type":"map","custom_css":["p {margin-bottom: 4px;}"],"settings":{"full_width":true,"color_scheme":"default","heading":"","address":"<h4>STORE HOURS:<\/h4><p>Monday: 11 AM - 9 PM<\/p><p>Tuesday: 10 AM - 9 PM<\/p><p>Wednesday: 10 AM - 9 PM<\/p><p>Thursday: 10 AM - 9 PM<\/p><p>Friday: 10 AM - 9 PM<\/p><p>Saturday: 10 AM - 9 PM<\/p><p>Sunday: 10 AM - 7 PM<\/p><h4>STORE PHONE #:<\/h4><h6>(689) 407-6626<\/h6><h4>ADDRESS:<\/h4><h6>102 RUBY RED PLACE #B, WINTER GARDEN, FL 34787<\/h6>","button":"Directions","show_pin":true,"show_feature_image":false,"map_address":"102 Ruby Red Place #B Winter Garden, 34787","api_key":"AIzaSyBXyIvH_A_lizFVtY8oXsx0Jg75whMenEI","map_type":"dynamic","map_style":"retro"}},"custom_content_D4UyGD":{"type":"custom-content","blocks":{"text_w7kkyn":{"type":"text","settings":{"width":"half","subheading":"","title":"BIKE SHOP","text":"","button_label":"EXPLORE MORE","button_link":"","button_style":"link","text_alignment":"center"}}},"block_order":["text_w7kkyn"],"settings":{"alignment":"middle"}},"scrolling_banner_pE3wP7":{"type":"scrolling-banner","blocks":{"image_MyPiec":{"type":"image","settings":{"image":"shopify:\/\/shop_images\/Untitled-5.jpg","image_width":90,"link":"shopify:\/\/pages\/on-brand-page"}},"image_AYYycA":{"type":"image","settings":{"image":"shopify:\/\/shop_images\/Hoka_Logo.png","image_width":130,"link":"shopify:\/\/pages\/hoka-brand-page"}},"image_8PdPQf":{"type":"image","settings":{"image":"shopify:\/\/shop_images\/Asics_Logo.png","image_width":145,"link":"shopify:\/\/pages\/asics-brand-page"}},"image_w6m6Mf":{"type":"image","settings":{"image":"shopify:\/\/shop_images\/Brooks_Logo.png","image_width":220,"link":"shopify:\/\/pages\/brooks-brand-page"}}},"block_order":["image_MyPiec","image_AYYycA","image_8PdPQf","image_w6m6Mf"],"settings":{"full_width":true,"color_scheme":"default","text_size":50,"vertical_padding":7,"speed":26.5,"direction":"left","font":"heading","space":85}},"testimonials_M8crif":{"type":"testimonials","blocks":{"testimonial_EiFMfy":{"type":"testimonial","settings":{"star_rating":5,"testimonial":"There are good shoe stores and then there are legends. Today I met a legendary salesperson.. He was so through and understood shoes and feet so well, I have only the best words for him at this store. I would absolutely buy shoes only from this store. Highly recommended!!","author":"UTSAV P.","image":"shopify:\/\/shop_images\/Flamingo_Crossings_3.png","image_caption":"","link":""}},"testimonial_H9G6yh":{"type":"testimonial","settings":{"star_rating":5,"testimonial":"Gorgeous new Fit2Run store with a vast amount of variety in both shoes and apparel!! I have bought two pairs of On Cloud Monsters here in colors I could not find at any other local Fit2Run stores. I spent about an hour just browsing the apparel finding it hard not to buy the whole store. The associate was awesome with helping me find my shoes and will definitely stop in again to ask for his help for my next pair!! All the workers here are extremely friendly and can give you a good laugh!! Thank you again to the Flamingo Crossings Store!!","author":"CARLY H.","image":"shopify:\/\/shop_images\/Flamingo_Crossings_1.png","image_caption":"","link":""}},"testimonial_VncLC3":{"type":"testimonial","settings":{"star_rating":5,"testimonial":"I had great experience today. The associate was patient, helpful and knowledgeable with the products. He got my exact shoe size and I was satisfied with my purchase.","author":"JOSE V.","image":"shopify:\/\/shop_images\/Flamingo_Crossings_2.png","image_caption":"","link":""}}},"block_order":["testimonial_EiFMfy","testimonial_H9G6yh","testimonial_VncLC3"],"settings":{"title":"Customer reviews","layout":"image-right","text_caps":false,"quote_text_size":25,"quote_text_size_mobile":20,"image_shape":"square","color_scheme":"default","autoplay":true,"autoplay_speed":5}},"rich_text_W9naHT":{"type":"rich-text","blocks":{"heading_VM9mPL":{"type":"heading","settings":{"title":"ABOUT FLAMINGO CROSSINGS","use_h1":false}},"text_ywVjhB":{"type":"text","settings":{"use_metadata":false,"text":"<p>No matter your fitness level, Fit2Run at FLAMINGO CROSSINGS Town Center has runners and walkers covered! FLAMINGO CROSSING Town Center is a hotel, shopping, and dining destination developed by Walt Disney World! Just minutes from Walt Disney World parks, Fit2Run at FLAMINGO CROSSINGS Town Center provides expert advice and a curated collection of the best athletic wear. This family owned and locally operated shop is all about encouraging an active and healthy lifestyle.<\/p><p>Fit2Run at FLAMINGO CROSSINGS Town Center is a one-stop running store and should be top on your list when visiting Disney World. Whether you live here year-round, seasonally or are just visiting, Florida is an ideal place for runners and athletes. A warm climate through all the seasons makes it the perfect place to train. Located on the western side of  Walt Disney World property, FLAMINGO CROSSINGS Town Center is a destination in itself. It's also a great place to visit if you happen to be shopping or relaxing at one of this venue's numerous shops and restaurants. We carry all the best brands of running shoes and apparel here for men and women. Brooks Running, On Running, ASICS, and Hoka are just a few of the top manufacturers we represent. You can also choose among several styles of OOFOS recovery sandals here. These are ideal for nursing your aching feet, legs and back to health after a grueling competitive event or challenging workout.<\/p><p>If you're looking to get even more out of your visits to our store, consider joining Club Fit2Run. For a nominal annual fee, you'll enjoy great benefits. These include 10% discounts on most store or online purchases, a 30-day wear-test guarantee on all running footwear, VIP access to special events and sneak previews of exciting new products and services.<\/p>","enlarge_text":false}}},"block_order":["heading_VM9mPL","text_ywVjhB"],"settings":{"height":"medium","text_alignment":"center","full_width":false,"color_scheme":"default"}}},"order":["main","image_with_text_overlay_Y4pMjK","scrolling_banner_cyrRFn","map_4Xbeqk","custom_content_D4UyGD","scrolling_banner_pE3wP7","testimonials_M8crif","rich_text_W9naHT"]}