{"sections":{"main":{"type":"main-page","disabled":true,"settings":{"show_page_title":true,"full_width":false}},"image_with_text_overlay_Y4pMjK":{"type":"image-with-text-overlay","blocks":{"subheading_MniXhR":{"type":"subheading","settings":{"subheading":"FIT2RUN PLAZA DEL CARIBE"}},"heading_b6fbYV":{"type":"heading","settings":{"title":"PONCE","heading_max_width":15,"title_size":84,"title_size_mobile":32,"use_h1":false}}},"block_order":["subheading_MniXhR","heading_b6fbYV"],"custom_css":[".text-overlay__text {color: #171717;}"],"settings":{"image":"shopify:\/\/shop_images\/white.png","height":"fixed","height_desktop":200,"height_mobile":160,"image_link":"","full_width":true,"text_alignment":"center center","mobile_overlay_under":false,"overlay_style":"no_background"}},"scrolling_banner_cyrRFn":{"type":"scrolling-banner","blocks":{"text_Wz9yfK":{"type":"text","settings":{"text":"RUN CLUB WEDNESDAYS @ 5:30 PM","color":"#f7f7f8","link":"","use_h1":false,"stencil_all_text":false,"stencil_text":""}}},"block_order":["text_Wz9yfK"],"settings":{"full_width":true,"color_scheme":"2","text_size":16,"vertical_padding":14,"speed":26,"direction":"left","font":"heading","space":90}},"map_4Xbeqk":{"type":"map","custom_css":["p {margin-bottom: 4px;}"],"settings":{"full_width":true,"color_scheme":"default","heading":"","address":"<h4>STORE HOURS:<\/h4><p>Monday: 9 AM - 9 PM<\/p><p>Tuesday: 9 AM - 9 PM<\/p><p>Wednesday: 9 AM - 9 PM<\/p><p>Thursday: 9 AM - 9 PM<\/p><p>Friday: 9 AM - 9 PM<\/p><p>Saturday: 9 AM - 9 PM<\/p><p>Sunday: 11 AM - 7 PM<\/p><h4>STORE PHONE #:<\/h4><h6>(939) 441-7233<\/h6><h4>ADDRESS:<\/h4><h6>2050 PONCE BYPASS SPACE 284, PONCE, PR 00717<\/h6>","button":"Directions","show_pin":true,"show_feature_image":false,"map_address":"2050 Ponce Bypass Space 284 Ponce, 00717","api_key":"AIzaSyBXyIvH_A_lizFVtY8oXsx0Jg75whMenEI","map_type":"dynamic","map_style":"retro"}},"custom_content_D4UyGD":{"type":"custom-content","settings":{"alignment":"middle"}},"scrolling_banner_pE3wP7":{"type":"scrolling-banner","blocks":{"image_MyPiec":{"type":"image","settings":{"image":"shopify:\/\/shop_images\/Untitled-5.jpg","image_width":90,"link":"shopify:\/\/pages\/on-brand-page"}},"image_AYYycA":{"type":"image","settings":{"image":"shopify:\/\/shop_images\/Hoka_Logo.png","image_width":130,"link":"shopify:\/\/pages\/hoka-brand-page"}},"image_8PdPQf":{"type":"image","settings":{"image":"shopify:\/\/shop_images\/Asics_Logo.png","image_width":145,"link":"shopify:\/\/pages\/asics-brand-page"}},"image_w6m6Mf":{"type":"image","settings":{"image":"shopify:\/\/shop_images\/Brooks_Logo.png","image_width":220,"link":"shopify:\/\/pages\/brooks-brand-page"}}},"block_order":["image_MyPiec","image_AYYycA","image_8PdPQf","image_w6m6Mf"],"settings":{"full_width":true,"color_scheme":"default","text_size":50,"vertical_padding":7,"speed":26.5,"direction":"left","font":"heading","space":85}},"testimonials_M8crif":{"type":"testimonials","blocks":{"testimonial_EiFMfy":{"type":"testimonial","settings":{"star_rating":5,"testimonial":"Excellent attention and guidance from the associate. Very satisfied with the quality of the purchase and the service","author":"JAIME C.","image":"shopify:\/\/shop_images\/Plaza_Del_Caribe_3.png","image_caption":"","link":""}},"testimonial_H9G6yh":{"type":"testimonial","settings":{"star_rating":5,"testimonial":"From entry to exit excellent service.","author":"TAMY R.","image":"shopify:\/\/shop_images\/Plaza_Del_Caribe_2.png","image_caption":"","link":""}},"testimonial_ct4BD6":{"type":"testimonial","settings":{"star_rating":5,"testimonial":"Excellent service and attention. The associate had the patience and desire to find everything we required and desired in our footwear.","author":"EDNA C.","image":"shopify:\/\/shop_images\/Plaza_Del_Caribe_1.png","image_caption":"","link":""}}},"block_order":["testimonial_EiFMfy","testimonial_H9G6yh","testimonial_ct4BD6"],"settings":{"title":"Customer reviews","layout":"image-right","text_caps":false,"quote_text_size":25,"quote_text_size_mobile":20,"image_shape":"square","color_scheme":"default","autoplay":true,"autoplay_speed":5}},"rich_text_W9naHT":{"type":"rich-text","blocks":{"heading_VM9mPL":{"type":"heading","settings":{"title":"ABOUT PLAZA DEL CARIBE","use_h1":false}},"text_ywVjhB":{"type":"text","settings":{"use_metadata":false,"text":"<p>If you are in the beautiful city of Ponce in Puerto Rico and are looking for running shoes and gear, Fit2Run at Plaza Del Caribe is the place to go. If you are really serious about your running or walking, one store stands out. At Fit2Run, the Runner’s Superstore we know fit. We are dedicated to finding the perfect fit shoe and running gear that's right for you.<\/p><p>When you come to our store, our Fit Experts will provide you with  our complimentary Fit Process to find the right shoes for your needs. Starting with our Albert 2 System which will scan your feet to identify your foot type, pressure points and arch levels followed by a videotaped gait analysis to recognize your running or walking style so we can recommend the best shoes for your specific needs.  <\/p>","enlarge_text":false}}},"block_order":["heading_VM9mPL","text_ywVjhB"],"settings":{"height":"medium","text_alignment":"center","full_width":false,"color_scheme":"default"}}},"order":["main","image_with_text_overlay_Y4pMjK","scrolling_banner_cyrRFn","map_4Xbeqk","custom_content_D4UyGD","scrolling_banner_pE3wP7","testimonials_M8crif","rich_text_W9naHT"]}