{"sections":{"main":{"type":"main-page","disabled":true,"settings":{"show_page_title":true,"full_width":false}},"image_with_text_overlay_Y4pMjK":{"type":"image-with-text-overlay","blocks":{"subheading_MniXhR":{"type":"subheading","settings":{"subheading":"FIT2RUN UNIVERSITY TOWN  CENTER"}},"heading_b6fbYV":{"type":"heading","settings":{"title":"SARASOTA UTC","heading_max_width":15,"title_size":84,"title_size_mobile":32,"use_h1":false}}},"block_order":["subheading_MniXhR","heading_b6fbYV"],"custom_css":[".text-overlay__text {color: #171717;}"],"settings":{"image":"shopify:\/\/shop_images\/white.png","height":"fixed","height_desktop":200,"height_mobile":160,"image_link":"","full_width":true,"text_alignment":"center center","mobile_overlay_under":false,"overlay_style":"no_background"}},"scrolling_banner_cyrRFn":{"type":"scrolling-banner","blocks":{"text_Wz9yfK":{"type":"text","settings":{"text":"RUN CLUB WEDNESDAYS @ 6:30 PM","color":"#f7f7f8","link":"","use_h1":false,"stencil_all_text":false,"stencil_text":""}}},"block_order":["text_Wz9yfK"],"settings":{"full_width":true,"color_scheme":"2","text_size":16,"vertical_padding":14,"speed":26,"direction":"left","font":"heading","space":90}},"map_4Xbeqk":{"type":"map","custom_css":["p {margin-bottom: 4px;}"],"settings":{"full_width":true,"color_scheme":"default","heading":"","address":"<h4>STORE HOURS:<\/h4><p>Monday: 10 AM - 8 PM<\/p><p>Tuesday: 10 AM - 8 PM<\/p><p>Wednesday: 10 AM - 8 PM<\/p><p>Thursday: 10 AM - 8 PM<\/p><p>Friday: 10 AM - 8 PM<\/p><p>Saturday: 10 AM - 8 PM<\/p><p>Sunday: 11 AM - 6 PM<\/p><h4>STORE PHONE #:<\/h4><h6>(941) 358-5100<\/h6><h4>ADDRESS:<\/h4><h6>140 UNIVERSITY TOWN CENTER DR SPACE 110, SARASOTA, FL 34243<\/h6>","button":"Directions","show_pin":true,"show_feature_image":false,"map_address":"140 University Town Center Dr Space 110 Sarasota, 34243","api_key":"AIzaSyBXyIvH_A_lizFVtY8oXsx0Jg75whMenEI","map_type":"dynamic","map_style":"retro"}},"custom_content_D4UyGD":{"type":"custom-content","settings":{"alignment":"middle"}},"scrolling_banner_pE3wP7":{"type":"scrolling-banner","blocks":{"image_MyPiec":{"type":"image","settings":{"image":"shopify:\/\/shop_images\/Untitled-5.jpg","image_width":100,"link":"shopify:\/\/pages\/on-brand-page"}},"image_AYYycA":{"type":"image","settings":{"image":"shopify:\/\/shop_images\/Hoka_Logo.png","image_width":130,"link":"shopify:\/\/pages\/hoka-brand-page"}},"image_8PdPQf":{"type":"image","settings":{"image":"shopify:\/\/shop_images\/Asics_Logo.png","image_width":145,"link":"shopify:\/\/pages\/asics-brand-page"}},"image_w6m6Mf":{"type":"image","settings":{"image":"shopify:\/\/shop_images\/Brooks_Logo.png","image_width":220,"link":"shopify:\/\/pages\/brooks-brand-page"}}},"block_order":["image_MyPiec","image_AYYycA","image_8PdPQf","image_w6m6Mf"],"settings":{"full_width":true,"color_scheme":"default","text_size":50,"vertical_padding":7,"speed":26.5,"direction":"left","font":"heading","space":85}},"testimonials_M8crif":{"type":"testimonials","blocks":{"testimonial_EiFMfy":{"type":"testimonial","settings":{"star_rating":5,"testimonial":"Nice selection of running gear and shoes.","author":"GORDON S.","image_caption":"","link":""}},"testimonial_H9G6yh":{"type":"testimonial","settings":{"star_rating":5,"testimonial":"AMAZING SHOES!!!","author":"KARLO S.","image":"shopify:\/\/shop_images\/Untitled-1.png","image_caption":"","link":""}},"testimonial_9ebt3F":{"type":"testimonial","settings":{"star_rating":5,"testimonial":"I left with a better understanding of how my feet have been performing and shoes to properly support!","author":"SAMANTHA H.","image_caption":"","link":""}}},"block_order":["testimonial_EiFMfy","testimonial_H9G6yh","testimonial_9ebt3F"],"settings":{"title":"Customer reviews","layout":"no-image","text_caps":false,"quote_text_size":25,"quote_text_size_mobile":20,"image_shape":"square","color_scheme":"default","autoplay":true,"autoplay_speed":5}},"rich_text_W9naHT":{"type":"rich-text","blocks":{"heading_VM9mPL":{"type":"heading","settings":{"title":"ABOUT SARASOTA UTC","use_h1":false}},"text_ywVjhB":{"type":"text","settings":{"use_metadata":false,"text":"<p>The Florida lifestyle is all about sunshine, good health and relaxing in the beautiful warm weather. If you live in or are just visiting the Cultural Coast and looking for a running store, be sure to visit Fit2Run at University Town Center in Sarasota. We're conveniently located near Dillard's in the lower level of the University Town Center, off University Parkway. After you check out our amazing inventory and superior service, we think you'll agree we have made a significant contribution to local sports culture.<\/p><p>As our name suggests, here at Fit2Run UTC, we stock the best running shoes in the business. ASICS, Brooks, Hoka and On Running are just a sampling of our great brands. You'll find shoes for men and women here as well as unisex styles.<\/p><p>We also have plenty of running accessories here that can help you run smarter and better. These include Garmin running watches that can analyze your run and help you become a better runner.<\/p><p>For soothing tired feet or aching joints, check out our recovery sandals. They're also perfect for a walk on a nearby beach like Siesta Key, which is consistently ranked among the world's best beaches. We also have massage balls, knee supports and a variety of other products to ease aches and pains and enhance performance.<\/p><p>You'll also find socks and running apparel here, like moisture-wicking t-shirts that will help keep you cool in Florida's steamy weather. If you're really hot, visit our Fitness Bar for a refreshing juice or smoothie made from organic ingredients. <\/p><p>Visti Fit2Run at UTC and let us help you find your fit! <\/p>","enlarge_text":false}}},"block_order":["heading_VM9mPL","text_ywVjhB"],"settings":{"height":"medium","text_alignment":"center","full_width":false,"color_scheme":"default"}}},"order":["main","image_with_text_overlay_Y4pMjK","scrolling_banner_cyrRFn","map_4Xbeqk","custom_content_D4UyGD","scrolling_banner_pE3wP7","testimonials_M8crif","rich_text_W9naHT"]}