{"sections":{"main":{"type":"main-page","disabled":true,"settings":{"show_page_title":true,"full_width":false}},"image_with_text_overlay_Y4pMjK":{"type":"image-with-text-overlay","blocks":{"subheading_MniXhR":{"type":"subheading","settings":{"subheading":"FIT2RUN FLORIDA"}},"heading_b6fbYV":{"type":"heading","settings":{"title":"BRADENTON","heading_max_width":15,"title_size":84,"title_size_mobile":32,"use_h1":false}}},"block_order":["subheading_MniXhR","heading_b6fbYV"],"custom_css":[".text-overlay__text {color: #171717;}"],"settings":{"image":"shopify:\/\/shop_images\/white.png","height":"fixed","height_desktop":200,"height_mobile":160,"image_link":"","full_width":true,"text_alignment":"center center","mobile_overlay_under":false,"overlay_style":"no_background"}},"scrolling_banner_cyrRFn":{"type":"scrolling-banner","blocks":{"text_Wz9yfK":{"type":"text","settings":{"text":"RUN CLUB WEDNESDAYS @ 6:00 PM","color":"#f7f7f8","link":"","use_h1":false,"stencil_all_text":false,"stencil_text":""}}},"block_order":["text_Wz9yfK"],"settings":{"full_width":true,"color_scheme":"2","text_size":16,"vertical_padding":14,"speed":26,"direction":"left","font":"heading","space":90}},"map_4Xbeqk":{"type":"map","custom_css":["p {margin-bottom: 4px;}"],"settings":{"full_width":true,"color_scheme":"default","heading":"","address":"<h4>STORE HOURS:<\/h4><p>Monday: 10 AM - 8 PM<\/p><p>Tuesday: 10 AM - 8 PM<\/p><p>Wednesday: 10 AM - 8 PM<\/p><p>Thursday: 10 AM - 8 PM<\/p><p>Friday: 10 AM - 8 PM<\/p><p>Saturday: 10 AM - 8 PM<\/p><p>Sunday: 11 AM - 6 PM<\/p><h4>STORE PHONE #:<\/h4><h6>(941) 216-6903<\/h6><h4>ADDRESS:<\/h4><h6>4951 CORTEZ RD W, BRADENTON, FL 34210<\/h6>","button":"Directions","show_pin":true,"show_feature_image":false,"map_address":"4951 Cortez Rd W Bradenton, FL 34210","api_key":"AIzaSyBXyIvH_A_lizFVtY8oXsx0Jg75whMenEI","map_type":"dynamic","map_style":"retro"}},"custom_content_D4UyGD":{"type":"custom-content","blocks":{"text_w7kkyn":{"type":"text","settings":{"width":"half","subheading":"","title":"BIKE SHOP","text":"","button_label":"EXPLORE MORE","button_link":"","button_style":"link","text_alignment":"center"}},"text_7hNmX9":{"type":"text","settings":{"width":"half","subheading":"","title":"SPOKES BIKE BAR","text":"","button_label":"EXPLORE MORE","button_link":"","button_style":"link","text_alignment":"center"}}},"block_order":["text_w7kkyn","text_7hNmX9"],"settings":{"alignment":"middle"}},"scrolling_banner_pE3wP7":{"type":"scrolling-banner","blocks":{"image_MyPiec":{"type":"image","settings":{"image":"shopify:\/\/shop_images\/Untitled-5.jpg","image_width":90,"link":"shopify:\/\/pages\/on-brand-page"}},"image_AYYycA":{"type":"image","settings":{"image":"shopify:\/\/shop_images\/Hoka_Logo.png","image_width":130,"link":"shopify:\/\/pages\/hoka-brand-page"}},"image_8PdPQf":{"type":"image","settings":{"image":"shopify:\/\/shop_images\/Asics_Logo.png","image_width":145,"link":"shopify:\/\/pages\/asics-brand-page"}},"image_w6m6Mf":{"type":"image","settings":{"image":"shopify:\/\/shop_images\/Brooks_Logo.png","image_width":220,"link":"shopify:\/\/pages\/brooks-brand-page"}}},"block_order":["image_MyPiec","image_AYYycA","image_8PdPQf","image_w6m6Mf"],"settings":{"full_width":true,"color_scheme":"default","text_size":50,"vertical_padding":7,"speed":26.5,"direction":"left","font":"heading","space":85}},"testimonials_M8crif":{"type":"testimonials","blocks":{"testimonial_EiFMfy":{"type":"testimonial","settings":{"star_rating":5,"testimonial":"I recently took my bike in for a tune-up and repair. Excellent service!","author":"JAYNE B.","image":"shopify:\/\/shop_images\/Bradenton_1.png","image_caption":"","link":""}},"testimonial_H9G6yh":{"type":"testimonial","settings":{"star_rating":5,"testimonial":"Great service and amazing tech.","author":"KYLE V.","image":"shopify:\/\/shop_images\/Bradenton_3.png","image_caption":"","link":""}},"testimonial_JiPKbm":{"type":"testimonial","settings":{"star_rating":5,"testimonial":"Great service, you can tell they like their job👍👍","author":"NICOLAS P.","image":"shopify:\/\/shop_images\/Bradenton_2.png","image_caption":"","link":""}}},"block_order":["testimonial_EiFMfy","testimonial_H9G6yh","testimonial_JiPKbm"],"settings":{"title":"Customer reviews","layout":"image-right","text_caps":false,"quote_text_size":25,"quote_text_size_mobile":20,"image_shape":"square","color_scheme":"default","autoplay":true,"autoplay_speed":5}},"rich_text_W9naHT":{"type":"rich-text","blocks":{"heading_VM9mPL":{"type":"heading","settings":{"title":"ABOUT BRADENTON","use_h1":false}},"text_ywVjhB":{"type":"text","settings":{"use_metadata":false,"text":"<p>Located off of Cortez Road in West Bradenton is Fit2Run Bradenton! If you are looking for a one-stop running store, Fit2Run Bradenton should be top on your list. Whether you live here year-round, seasonally or are just visiting, Florida is an ideal place for runners and athletes. A warm climate through all the seasons makes it the perfect place to train.. We carry all the best brands of running shoes and apparel here for men and women. Brooks Running, On Running, ASICS, Lululemon and Hoka are just a few of the top manufacturers we represent. You can also choose among several styles of OOFOS recovery sandals here. These are ideal for nursing your aching feet, legs and back to health after a grueling competitive event or challenging workout. Being that Fit2Run is a family owned and operated business originating in the Bradenton area, Fit2Run Bradenton is a flagship location that all runners and bikers need to experience. Fit2Run Bradenton is also home to an F2R Bike Shop, a full-service bike shop offering bike sales, services, and repairs. The F2R Bike Shop sells bikes, bike apparel, and bike accessories from brands like SE, Specialized, Breezer, and more!<\/p>","enlarge_text":false}}},"block_order":["heading_VM9mPL","text_ywVjhB"],"settings":{"height":"medium","text_alignment":"center","full_width":false,"color_scheme":"default"}}},"order":["main","image_with_text_overlay_Y4pMjK","scrolling_banner_cyrRFn","map_4Xbeqk","custom_content_D4UyGD","scrolling_banner_pE3wP7","testimonials_M8crif","rich_text_W9naHT"]}