{"sections":{"main":{"type":"main-page","disabled":true,"settings":{"show_page_title":true,"full_width":false}},"image_with_text_overlay_KVJf9F":{"type":"image-with-text-overlay","blocks":{"subheading_4kTQxV":{"type":"subheading","settings":{"subheading":""}},"text_QCqw97":{"type":"text","settings":{"text":"","enlarge_text":true}}},"block_order":["subheading_4kTQxV","text_QCqw97"],"settings":{"image":"shopify:\/\/shop_images\/Big_Bill_Header_Test.png","mobile_image":"shopify:\/\/shop_images\/Big_Bill_Background_Mobile5.jpg","height":"adapt","height_desktop":380,"height_mobile":220,"image_link":"","full_width":true,"text_alignment":"bottom center","mobile_overlay_under":false,"overlay_style":"no_background"}},"scrolling_banner_KFzMzi":{"type":"scrolling-banner","blocks":{"text_QYgN7t":{"type":"text","settings":{"text":"AWARDED $65,000+ IN SCHOLARSHIPS","color":"rgba(0,0,0,0)","link":"","use_h1":false,"stencil_all_text":false,"stencil_text":""}},"image_NGTwX3":{"type":"image","settings":{"image":"shopify:\/\/shop_images\/Big_Bill_Logo3.png","image_width":100,"link":""}}},"block_order":["text_QYgN7t","image_NGTwX3"],"settings":{"full_width":true,"color_scheme":"2","text_size":20,"vertical_padding":19,"speed":19,"direction":"left","font":"heading","space":50}},"rich_text_jpeeBL":{"type":"rich-text","blocks":{"text_eTmJKY":{"type":"text","settings":{"use_metadata":false,"text":"<p>The mission of the Big Bill Foundation is to provide academic scholarships to survivors of childhood cancer.<\/p>","enlarge_text":true}}},"block_order":["text_eTmJKY"],"settings":{"height":"medium","text_alignment":"center","full_width":false,"color_scheme":"default"}},"image_with_text_brkpVn":{"type":"image-with-text","blocks":{"heading_9dk98C":{"type":"heading","settings":{"title":"Bill Robinson, Co-Founder of Fit2Run, The Runner’s Superstore","use_h1":false}},"text_JrWaWf":{"type":"text","settings":{"text":"<p>Was a great leader and mentor who had a natural gift to inspire and motivate.  His passion for sport, the community, and his family was evident to anyone who spent time with him. Bill was one of the original board members of the Suncoast Aquatic Nature Center Associates  (SANCA) and served as chairman from 2014–18.  He dedicated countless hours of service to make SANCA and Nathan Benderson Park a success. Bill partnered with Manatee County in the late 2000s to turn 487 acres of rehabilitated farmland into the hiking trails and mangrove habitats in northwest Bradenton now known as Robinson Preserve.  Bill passed away in 2020 at the age of 70, following a hard-fought battle with leukemia.<\/p>","enlarge_text":false}}},"block_order":["heading_9dk98C","text_JrWaWf"],"settings":{"image":"shopify:\/\/shop_images\/Bill_Robinson2.jpg","image_2":"shopify:\/\/shop_images\/Bill_Robinson1.jpg","image_width":700,"image_link":"","image_position":"left","text_alignment":"left","color_scheme":"default"}},"rich_text_e6rVz4":{"type":"rich-text","blocks":{"text_pFmEMm":{"type":"text","settings":{"use_metadata":false,"text":"<p>Inspired by Bill’s legacy, the Big Bill Foundation was created with a mission to provide secondary education scholarships in the amount of $5,000 each to students who have survived cancer. Whether it’s college, vocational training, or specialized courses, the Big Bill Foundation strives to ensure that financial constraints do not hinder the aspirations of these incredible young warriors. <\/p>","enlarge_text":true}}},"block_order":["text_pFmEMm"],"settings":{"height":"medium","text_alignment":"center","full_width":false,"color_scheme":"default"}},"testimonials_8HNPnh":{"type":"testimonials","blocks":{"testimonial_ft9BYT":{"type":"testimonial","settings":{"star_rating":0,"testimonial":"\"At age 17, I was diagnosed with stage 3 cancer. When you get a shocking and life-threatening diagnosis right when you are about to head to college, you learn a lot about yourself and your goals for the future.... I continued to explore my passion of giving back to the cancer population through University of Florida Shands Hospital’s Streetlight volunteer program. During my time with Streetlight, I have had many meaningful and lasting connections with patients.... After much soul searching, I know I want to become a pediatric oncologist. My want to be a doctor since [I was] a child just needed a life-changing experience to fuel the desire and remind me of my reasons of wanting to go this route.\"","author":"CLAIRE S.","image":"shopify:\/\/shop_images\/Claire_S_Big_Bill.jpg","image_caption":"","link":""}},"testimonial_Te4qxt":{"type":"testimonial","settings":{"star_rating":0,"testimonial":"\"Although my battle against cancer started at a young age, it is something that I have carried with me forever. After finally becoming cancer-free, I faced more physical and mental ailments than I could have ever imagined. Having cancer has made me more compassionate, giving, and perhaps most ironically of all, happier. From a very young age, I found my passion in life: to help others. I am getting my bachelor's degree in health sciences and psychology, with aspirations of attending medical school in the next few years. More than anything, I want to turn my dreadful bout with cancer into something amazing.\"","author":"BRONTE B.","image":"shopify:\/\/shop_images\/Bronte_B_Big_Bill.jpg","image_caption":"","link":""}},"testimonial_FPFneD":{"type":"testimonial","settings":{"star_rating":0,"testimonial":"“On the 28th of February 2022, I was diagnosed with Non-Hodgkin’s Large B-Cell Lymphoma, an aggressively treated form of cancer…. Even though the road to remission wasn’t without setbacks, I was stronger in mind and spirit to face every issue because of my mom. For my entire life, it has been the two of us tackling problems.... We faced adversity head on. It was a long and slow process, but we never stopped fighting…. Telling my story not only opened my heart to healing, but to offer support, raise awareness for the disease, celebrate the fight against it, and find strength in the fear of loss.”","author":"JAYDEN S.","image":"shopify:\/\/shop_images\/Jayden_Spencer_Big_Bill.jpg","image_caption":"","link":""}}},"block_order":["testimonial_ft9BYT","testimonial_Te4qxt","testimonial_FPFneD"],"settings":{"title":"","layout":"image-right","text_caps":false,"quote_text_size":14,"quote_text_size_mobile":14,"image_shape":"natural","color_scheme":"2","autoplay":true,"autoplay_speed":14}},"rich_text_CpiNNx":{"type":"rich-text","blocks":{"text_C8NNGe":{"type":"text","settings":{"use_metadata":false,"text":"<p>Your participation in Big Bill Foundation races helps fund this mission, and to date, the Big Bill Foundation has awarded $65,000+ in scholarships.   Thank you for helping us support these well deserving students as they chase their dreams and live the lives they deserve.<\/p>","enlarge_text":true}}},"block_order":["text_C8NNGe"],"settings":{"height":"medium","text_alignment":"center","full_width":false,"color_scheme":"default"}},"rich_text_xMmt3e":{"type":"rich-text","blocks":{"button_8HLKNk":{"type":"button","settings":{"button_label":"CONTACT US","button_link":"shopify:\/\/pages\/contact-fit2time-race-management","button_style":"primary"}},"button_y3b467":{"type":"button","settings":{"button_label":"SCHOLARSHIP APPLICATION","button_link":"https:\/\/docs.google.com\/forms\/d\/1v90a2NaAGKQjDWh_XCNMqCIzgWbCH5ELW_mCEP3s4Z0\/edit?ts=669e64b9","button_style":"primary"}}},"block_order":["button_8HLKNk","button_y3b467"],"settings":{"height":"medium","text_alignment":"center","full_width":false,"color_scheme":"default"}}},"order":["main","image_with_text_overlay_KVJf9F","scrolling_banner_KFzMzi","rich_text_jpeeBL","image_with_text_brkpVn","rich_text_e6rVz4","testimonials_8HNPnh","rich_text_CpiNNx","rich_text_xMmt3e"]}