{"sections":{"main":{"type":"main-page","disabled":true,"settings":{"show_page_title":true,"full_width":false}},"image_with_text_overlay_Y4pMjK":{"type":"image-with-text-overlay","blocks":{"subheading_MniXhR":{"type":"subheading","settings":{"subheading":"FIT2RUN FLORIDA"}},"heading_b6fbYV":{"type":"heading","settings":{"title":"OCALA","heading_max_width":15,"title_size":84,"title_size_mobile":32,"use_h1":false}}},"block_order":["subheading_MniXhR","heading_b6fbYV"],"custom_css":[".text-overlay__text {color: #171717;}"],"settings":{"image":"shopify:\/\/shop_images\/white.png","height":"fixed","height_desktop":200,"height_mobile":160,"image_link":"","full_width":true,"text_alignment":"center center","mobile_overlay_under":false,"overlay_style":"no_background"}},"scrolling_banner_cyrRFn":{"type":"scrolling-banner","blocks":{"text_Wz9yfK":{"type":"text","settings":{"text":"RUN CLUB WEDNESDAYS @ 6:00 PM","color":"#f7f7f8","link":"","use_h1":false,"stencil_all_text":false,"stencil_text":""}}},"block_order":["text_Wz9yfK"],"settings":{"full_width":true,"color_scheme":"2","text_size":16,"vertical_padding":14,"speed":26,"direction":"left","font":"heading","space":90}},"map_4Xbeqk":{"type":"map","custom_css":["p {margin-bottom: 4px;}"],"settings":{"full_width":true,"color_scheme":"default","heading":"","address":"<h4>STORE HOURS:<\/h4><p>Monday: 10 AM - 8 PM<\/p><p>Tuesday: 10 AM - 8 PM<\/p><p>Wednesday: 10 AM - 8 PM<\/p><p>Thursday: 10 AM - 8 PM<\/p><p>Friday: 10 AM - 9 PM<\/p><p>Saturday: 10 AM - 9 PM<\/p><p>Sunday: 12 PM - 6 PM<\/p><h4>STORE PHONE #:<\/h4><h6>(352) 261-6122<\/h6><h4>ADDRESS:<\/h4><h6>3100 SW COLLEGE RD SUITE 390A, OCALA, FL 34474<\/h6>","button":"Directions","show_pin":true,"show_feature_image":false,"map_address":"3100 SW College Road Suite 390A Ocala, 34474","api_key":"AIzaSyBXyIvH_A_lizFVtY8oXsx0Jg75whMenEI","map_type":"dynamic","map_style":"retro"}},"custom_content_D4UyGD":{"type":"custom-content","settings":{"alignment":"middle"}},"scrolling_banner_pE3wP7":{"type":"scrolling-banner","blocks":{"image_MyPiec":{"type":"image","settings":{"image":"shopify:\/\/shop_images\/Untitled-5.jpg","image_width":90,"link":"shopify:\/\/pages\/on-brand-page"}},"image_AYYycA":{"type":"image","settings":{"image":"shopify:\/\/shop_images\/Hoka_Logo.png","image_width":130,"link":"shopify:\/\/pages\/hoka-brand-page"}},"image_8PdPQf":{"type":"image","settings":{"image":"shopify:\/\/shop_images\/Asics_Logo.png","image_width":145,"link":"shopify:\/\/pages\/asics-brand-page"}},"image_w6m6Mf":{"type":"image","settings":{"image":"shopify:\/\/shop_images\/Brooks_Logo.png","image_width":220,"link":"shopify:\/\/pages\/brooks-brand-page"}}},"block_order":["image_MyPiec","image_AYYycA","image_8PdPQf","image_w6m6Mf"],"settings":{"full_width":true,"color_scheme":"default","text_size":50,"vertical_padding":7,"speed":26.5,"direction":"left","font":"heading","space":85}},"testimonials_M8crif":{"type":"testimonials","blocks":{"testimonial_MynwKV":{"type":"testimonial","settings":{"star_rating":5,"testimonial":"The associate helped me tonight with my Asics gel nimbus shoes, they are SO COMFORTABLE!!! I will definitely be buying these shoes from now on, it feels like I'm walking on clouds. =)","author":"JULIE F.","image":"shopify:\/\/shop_images\/Ocala_3.png","image_caption":"","link":""}},"testimonial_EiFMfy":{"type":"testimonial","settings":{"star_rating":5,"testimonial":"I have been going to this store for a few months now and every time I go there the staff has been helpful and very knowledgeable on what shoes are the correct ones for my running needs. Definitely recommend this location!","author":"JC C.","image":"shopify:\/\/shop_images\/Ocala_2.png","image_caption":"","link":""}},"testimonial_H9G6yh":{"type":"testimonial","settings":{"star_rating":5,"testimonial":"Had a great experience buying another pair of running shoes. The employees have always been helpful picking out the right shoe for me. The associate today was exceptionally great! Thank you!","author":"KAELEY B.","image":"shopify:\/\/shop_images\/Ocala_1.png","image_caption":"","link":""}}},"block_order":["testimonial_MynwKV","testimonial_EiFMfy","testimonial_H9G6yh"],"settings":{"title":"Customer reviews","layout":"image-right","text_caps":false,"quote_text_size":25,"quote_text_size_mobile":20,"image_shape":"square","color_scheme":"default","autoplay":true,"autoplay_speed":5}},"rich_text_W9naHT":{"type":"rich-text","blocks":{"heading_VM9mPL":{"type":"heading","settings":{"title":"ABOUT OCALA","use_h1":false}},"text_ywVjhB":{"type":"text","settings":{"use_metadata":false,"text":"<p>If you are in the beautiful Ocala, Florida area and looking for shoe stores, Paddock mall shops offer lots of choices. But if you are really serious about your running or walking, one running shoe store stands out. As our name suggests, at the Fit2Run store at Paddock Mall in Ocala, Florida, we know fit. We are dedicated to ensuring you get athletic footwear that's right for you.<\/p><p>When you come to our store, we can provide you with a complimentary videotaped gait analysis that will help you select the right shoe for your specific foot type and the type of running or walking you do. Next, you can step onto our Albert 2 System. It will instantly identify your foot type, pressure points and shoe size, further refining your search for the perfect running shoes.<\/p><p>You'll find all the best brands here, like ON, ASICS, Brooks, and HOKA. To pamper your feet and body after a strenuous workout or just to relieve general pain and discomfort, check out a pair of our OOFOS recovery sandals. They're also great for strolling on Florida's beautiful beaches or walking around town while enjoying the warm weather.<\/p><p>You'll also find plenty of other running gear and accessories here, like athletic socks. We have products to support your joints, like ankle wrap, compression wrap and knee supports.<\/p><p>We carry a diverse selection of Garmin sports watches here to help you monitor your performance and up your game too. You'll also find all the watch accessories you need, like charging cables and colorful watch bands. Whether you're just visiting the Sunshine State or live here, come visit us and see what we have in store for you.<\/p><p>Benefit even more from shopping at Fit2Run for training shoes, running clothes and more when you sign up for <a href=\"https:\/\/www.fit2run.com\/club-membership\">Club Fit2Run<\/a> for a small annual membership fee. Our fit is your fit, and this is especially true for our members. Enjoy 10% off when you shop online or in-store, exclusive sales, 30-day wear-test guarantees on running shoes, VIP access to special events and more when you join the Fit2Run family.you are in the beautiful Ocala, Florida area and looking for shoe stores, Paddock mall shops offer lots of choices. But if you are really serious about your running or walking, one running shoe store stands out. As our name suggests, at the Fit2Run store at Paddock Mall in Ocala, Florida, we know fit. We are dedicated to ensuring you get athletic footwear that's right for you. When you come to our store, we can provide you with a complimentary videotaped gait analysis that will help you select the right shoe for your specific foot type and the type of running or walking you do. Next, you can step onto our Albert 2 System. It will instantly identify your foot type, pressure points and shoe size, further refining your search for the perfect running shoes. You'll find all the best brands here, like ON, ASICS, Brooks, and HOKA. To pamper your feet and body after a strenuous workout or just to relieve general pain and discomfort, check out a pair of our OOFOS recovery sandals. They're also great for strolling on Florida's beautiful beaches or walking around town while enjoying the warm weather. You'll also find plenty of other running gear and accessories here, like athletic socks. We have products to support your joints, like ankle wrap, compression wrap and knee supports. We carry a diverse selection of Garmin sports watches here to help you monitor your performance and up your game too. You'll also find all the watch accessories you need, like charging cables and colorful watch bands. Whether you're just visiting the Sunshine State or live here, come visit us and see what we have in store for you.<\/p>","enlarge_text":false}}},"block_order":["heading_VM9mPL","text_ywVjhB"],"settings":{"height":"medium","text_alignment":"center","full_width":false,"color_scheme":"default"}}},"order":["main","image_with_text_overlay_Y4pMjK","scrolling_banner_cyrRFn","map_4Xbeqk","custom_content_D4UyGD","scrolling_banner_pE3wP7","testimonials_M8crif","rich_text_W9naHT"]}