{"sections":{"main":{"type":"main-page","disabled":true,"settings":{"show_page_title":true,"full_width":false}},"image_with_text_overlay_aNd3Ai":{"type":"image-with-text-overlay","blocks":{"subheading_i7NVNG":{"type":"subheading","settings":{"subheading":"THE FIT2RUN"}},"heading_JACiee":{"type":"heading","settings":{"title":"COMMUNITY","heading_max_width":15,"title_size":102,"title_size_mobile":46,"use_h1":false}}},"block_order":["subheading_i7NVNG","heading_JACiee"],"settings":{"image":"shopify:\/\/shop_images\/Community_Header_D.png","mobile_image":"shopify:\/\/shop_images\/Community_Header_M_12db8b84-5fac-4fc5-9014-908ce6d5cf6a.png","height":"fixed","height_desktop":380,"height_mobile":380,"image_link":"","full_width":true,"text_alignment":"center center","mobile_overlay_under":false,"overlay_style":"full image-overlay--bg-shadow"}},"rich_text_dp6zyY":{"type":"rich-text","blocks":{"text_P4jydL":{"type":"text","settings":{"use_metadata":false,"text":"<h5>A FAMILY-OWNED RETAILER DEDICATED TO <em>LOCAL RUNNING COMMUNITIES.<\/em><\/h5>","enlarge_text":true}},"text_NA4M7N":{"type":"text","disabled":true,"settings":{"use_metadata":false,"text":"<p>Use this text to share information about your store with your customers. Describe products, share announcements, or welcome customers to your store.<\/p>","enlarge_text":true}}},"block_order":["text_P4jydL","text_NA4M7N"],"settings":{"height":"small","text_alignment":"center","full_width":false,"color_scheme":"2"}},"gallery_zEThRh":{"type":"gallery","blocks":{"media_rPcBtG":{"type":"media","settings":{"image":"shopify:\/\/shop_images\/Community_About_Us_6457e335-327d-4070-92e2-997c2293ba2b.png","enlarge_media":true,"subheading":"RUN, SHOP, TRAIN LOCAL","title":"ABOUT US","button_label":"LEARN MORE","link":"shopify:\/\/pages\/about-us","text_alignment":"bottom left"}},"media_VXtVC6":{"type":"media","settings":{"image":"shopify:\/\/shop_images\/Community_Run_Clubs_7abf275f-015f-4529-a702-9cfec39aad91.png","enlarge_media":false,"subheading":"LET'S RUN TOGETHER","title":"F2R RUN CLUB","button_label":"LEARN MORE","link":"shopify:\/\/pages\/f2r-run-club","text_alignment":"bottom left"}},"media_tHfK43":{"type":"media","settings":{"image":"shopify:\/\/shop_images\/Community_Big_Bill_7b0babb1-90c3-4736-8260-86e03a6c5b9f.png","enlarge_media":false,"subheading":"Championing YOUNG Warriors","title":"BIG BILL FOUNDATION","button_label":"LEARN MORE","link":"shopify:\/\/pages\/the-big-bill-foundation","text_alignment":"bottom left"}},"media_GyLHHz":{"type":"media","settings":{"image":"shopify:\/\/shop_images\/Community_Fit2Time_9db9979b-027c-4cbe-8aa4-83111ed960f9.png","enlarge_media":false,"subheading":"Precision Race Services","title":"FIT2TIME RACE MANAGEMENT","button_label":"LEARN MORE","link":"shopify:\/\/pages\/fit2time-race-management","text_alignment":"bottom left"}},"media_W8rAzU":{"type":"media","settings":{"image":"shopify:\/\/shop_images\/Community_Bikes_f0b3fecc-8a2e-4e23-b7b7-3e1fc0a5c3df.png","enlarge_media":true,"subheading":"FIND YOUR RIDE","title":"F2R BIKE SHOP","button_label":"LEARN MORE","link":"shopify:\/\/pages\/f2r-bike-shop","text_alignment":"bottom left"}},"media_JWKGhE":{"type":"media","settings":{"image":"shopify:\/\/shop_images\/Community_Blogs_22860276-95a6-4126-afe7-3be72366dad1.png","enlarge_media":false,"subheading":"OUR EXPERT ADVICE","title":"BLOGS","button_label":"READ MORE","link":"shopify:\/\/blogs\/news","text_alignment":"bottom left"}}},"block_order":["media_rPcBtG","media_VXtVC6","media_tHfK43","media_GyLHHz","media_W8rAzU","media_JWKGhE"],"settings":{"grid_desktop":2,"grid_mobile":"1","height":"fixed","desktop_image_height":360,"mobile_image_height":360,"title_size":30,"title_size_mobile":22,"enable_margin":true,"enable_row_spacing":false,"full_width":false,"color_scheme":"2","enable_carousel":true,"overlay_style":"no_background","button_style":"primary-black"}},"rich_text_CiCKqh":{"type":"rich-text","blocks":{"text_nePcHT":{"type":"text","settings":{"use_metadata":false,"text":"<h4>COMMUNITY IS THE FOUNDATION OF FIT2RUN<\/h4>","enlarge_text":true}},"text_qxDCpp":{"type":"text","settings":{"use_metadata":false,"text":"<p>Our customers and our employees are part of our family. Additionally, we have a community of Fit2Run Ambassadors who actively work to spread the word in their local areas. From races to fun runs, Fit2Run looks to partner with local leaders, not-for-profits and other retailers to bring health and fitness to many areas.<\/p>","enlarge_text":false}},"button_y7h4fU":{"type":"button","settings":{"button_label":"contact us","button_link":"shopify:\/\/pages\/contact-fit2time-race-management","button_style":"primary"}}},"block_order":["text_nePcHT","text_qxDCpp","button_y7h4fU"],"settings":{"height":"medium","text_alignment":"center","full_width":false,"color_scheme":"default"}}},"order":["main","image_with_text_overlay_aNd3Ai","rich_text_dp6zyY","gallery_zEThRh","rich_text_CiCKqh"]}