{"sections":{"main":{"type":"main-page","disabled":true,"settings":{"show_page_title":true,"full_width":false}},"image_with_text_overlay_Y4pMjK":{"type":"image-with-text-overlay","blocks":{"subheading_MniXhR":{"type":"subheading","settings":{"subheading":"FIT2RUN SARASOTA MAIN STREET"}},"heading_b6fbYV":{"type":"heading","settings":{"title":"DOWNTOWN SARASOTA","heading_max_width":15,"title_size":84,"title_size_mobile":32,"use_h1":false}}},"block_order":["subheading_MniXhR","heading_b6fbYV"],"custom_css":[".text-overlay__text {color: #171717;}"],"settings":{"image":"shopify:\/\/shop_images\/white.png","height":"fixed","height_desktop":200,"height_mobile":160,"image_link":"","full_width":true,"text_alignment":"center center","mobile_overlay_under":false,"overlay_style":"no_background"}},"scrolling_banner_cyrRFn":{"type":"scrolling-banner","blocks":{"text_Wz9yfK":{"type":"text","settings":{"text":"RUN CLUB TUESDAYS @ 6:00 PM","color":"#f7f7f8","link":"","use_h1":false,"stencil_all_text":false,"stencil_text":""}}},"block_order":["text_Wz9yfK"],"settings":{"full_width":true,"color_scheme":"2","text_size":16,"vertical_padding":14,"speed":26,"direction":"left","font":"heading","space":90}},"map_4Xbeqk":{"type":"map","custom_css":["p {margin-bottom: 4px;}"],"settings":{"full_width":true,"color_scheme":"default","heading":"","address":"<h4>STORE HOURS:<\/h4><p>Monday: 10 AM - 7 PM<\/p><p>Tuesday: 10 AM - 7 PM<\/p><p>Wednesday: 10 AM - 7 PM<\/p><p>Thursday: 10 AM - 7 PM<\/p><p>Friday: 10 AM - 7 PM<\/p><p>Saturday: 10 AM - 7 PM<\/p><p>Sunday: 11 AM - 5 PM<\/p><h4>STORE PHONE #:<\/h4><h6>(941) 364-2600<\/h6><h4>ADDRESS:<\/h4><h6>1400 MAIN ST,  SARASOTA, FL 34236<\/h6>","button":"Directions","show_pin":true,"show_feature_image":false,"map_address":"1400 Main St Sarasota, FL 34236","api_key":"AIzaSyBXyIvH_A_lizFVtY8oXsx0Jg75whMenEI","map_type":"dynamic","map_style":"retro"}},"custom_content_D4UyGD":{"type":"custom-content","blocks":{"text_w7kkyn":{"type":"text","settings":{"width":"half","subheading":"","title":"BIKE SHOP","text":"","button_label":"EXPLORE MORE","button_link":"","button_style":"link","text_alignment":"center"}}},"block_order":["text_w7kkyn"],"settings":{"alignment":"middle"}},"scrolling_banner_pE3wP7":{"type":"scrolling-banner","blocks":{"image_MyPiec":{"type":"image","settings":{"image":"shopify:\/\/shop_images\/Untitled-5.jpg","image_width":90,"link":"shopify:\/\/pages\/on-brand-page"}},"image_AYYycA":{"type":"image","settings":{"image":"shopify:\/\/shop_images\/Hoka_Logo.png","image_width":130,"link":"shopify:\/\/pages\/hoka-brand-page"}},"image_8PdPQf":{"type":"image","settings":{"image":"shopify:\/\/shop_images\/Asics_Logo.png","image_width":145,"link":"shopify:\/\/pages\/asics-brand-page"}},"image_w6m6Mf":{"type":"image","settings":{"image":"shopify:\/\/shop_images\/Brooks_Logo.png","image_width":220,"link":"shopify:\/\/pages\/brooks-brand-page"}}},"block_order":["image_MyPiec","image_AYYycA","image_8PdPQf","image_w6m6Mf"],"settings":{"full_width":true,"color_scheme":"default","text_size":50,"vertical_padding":7,"speed":26.5,"direction":"left","font":"heading","space":85}},"testimonials_M8crif":{"type":"testimonials","blocks":{"testimonial_EiFMfy":{"type":"testimonial","settings":{"star_rating":5,"testimonial":"We brought our bike in for service. All of the staff we have encountered in our few visits have been SO incredibly kind, helpful and accommodating.","author":"EMILY D.","image_caption":"","link":""}},"testimonial_H9G6yh":{"type":"testimonial","settings":{"star_rating":5,"testimonial":"My to go place for running shoes! In the heart of Sarasota, FL downtown Main Street!","author":"JESUS A.","image":"shopify:\/\/shop_images\/Untitled-1.png","image_caption":"","link":""}},"testimonial_W4wY9M":{"type":"testimonial","settings":{"star_rating":5,"testimonial":"The associate had amazing customer service skills and made sure my first running shoe shopping experience was awesome.","author":"VICTORIA T.","image_caption":"","link":""}},"testimonial_RaHj4W":{"type":"testimonial","settings":{"star_rating":5,"testimonial":"The associate took his time to help me analyze my foot arches.  He found me the correct insole for better arch support.","author":"BEVERLY P.","image_caption":"","link":""}}},"block_order":["testimonial_EiFMfy","testimonial_H9G6yh","testimonial_W4wY9M","testimonial_RaHj4W"],"settings":{"title":"Customer reviews","layout":"no-image","text_caps":false,"quote_text_size":25,"quote_text_size_mobile":20,"image_shape":"square","color_scheme":"default","autoplay":true,"autoplay_speed":5}},"rich_text_W9naHT":{"type":"rich-text","blocks":{"heading_VM9mPL":{"type":"heading","settings":{"title":"ABOUT DOWNTOWN SARASOTA","use_h1":false}},"text_ywVjhB":{"type":"text","settings":{"use_metadata":false,"text":"<p>The Florida lifestyle is all about sunshine, good health and relaxing in the beautiful warm weather. If you live in or are just visiting the Cultural Coast and looking for a running store, be sure to visit Fit2Run on the corner of South Pineapple Avenue and Main Street in Downtown Sarasota.<\/p><p>at Fit2Run Runner's Superstore in downtown Sarasota, we carry all the great brands like Brooks, On Running, ASICS, Hoka, and more.<\/p><p>Our friendly, knowledgeable staff in SRQ will be happy to help you find just the right shoes to make your feet happy. Enjoy a videotaped gait analysis on the house to learn what footwear is best suited to your feet's unique shape and the way you walk and run.<\/p><p>You can also step on to our Albert 2 system for instant identification of your foot type, pressure points and shoe size. These metrics will point you in the right direction for selecting the best shoes and orthotics for your unique feet. Take the shoes out for a test run on our track to make sure they're right for you.<\/p><p>Visit Fit2Run in Downtown Sarasota and let us help you find your fit! <\/p>","enlarge_text":false}}},"block_order":["heading_VM9mPL","text_ywVjhB"],"settings":{"height":"medium","text_alignment":"center","full_width":false,"color_scheme":"default"}}},"order":["main","image_with_text_overlay_Y4pMjK","scrolling_banner_cyrRFn","map_4Xbeqk","custom_content_D4UyGD","scrolling_banner_pE3wP7","testimonials_M8crif","rich_text_W9naHT"]}