{"sections":{"main":{"type":"main-page","disabled":true,"settings":{"show_page_title":true,"full_width":false}},"image_with_text_overlay_YaebWp":{"type":"image-with-text-overlay","blocks":{"heading_WUPbEY":{"type":"heading","settings":{"title":"F2R BIKE SHOP","heading_max_width":15,"title_size":84,"title_size_mobile":48,"use_h1":false}}},"block_order":["heading_WUPbEY"],"settings":{"image":"shopify:\/\/shop_images\/Bike1.jpg","height":"fixed","height_desktop":380,"height_mobile":380,"image_link":"","full_width":true,"text_alignment":"center center","mobile_overlay_under":false,"overlay_style":"full image-overlay--bg-shadow"}},"scrolling_banner_yHcTEz":{"type":"scrolling-banner","blocks":{"text_wVBykr":{"type":"text","settings":{"text":"BRADENTON","color":"rgba(0,0,0,0)","link":"","use_h1":false,"stencil_all_text":false,"stencil_text":""}},"text_b3MUjn":{"type":"text","settings":{"text":"FLAMINGO CROSSINGS","color":"rgba(0,0,0,0)","link":"","use_h1":false,"stencil_all_text":false,"stencil_text":""}},"text_9rzygq":{"type":"text","settings":{"text":"WATERFORD LAKES","color":"rgba(0,0,0,0)","link":"","use_h1":false,"stencil_all_text":false,"stencil_text":""}}},"block_order":["text_wVBykr","text_b3MUjn","text_9rzygq"],"settings":{"full_width":true,"color_scheme":"2","text_size":20,"vertical_padding":19,"speed":19.5,"direction":"left","font":"heading","space":70}},"rich_text_Harnip":{"type":"rich-text","blocks":{"text_kHUGpU":{"type":"text","settings":{"use_metadata":false,"text":"<h4>The F2R Bike Shop is a full service bike sales, service, and repair shop located inside select Fit2Run locations.<\/h4>","enlarge_text":true}}},"block_order":["text_kHUGpU"],"disabled":true,"settings":{"height":"medium","text_alignment":"center","full_width":false,"color_scheme":"default"}},"rich_text_afbHRm":{"type":"rich-text","blocks":{"text_C7aefg":{"type":"text","settings":{"use_metadata":false,"text":"<h4>The F2R Bike Shop is a full service bike sales, service, and repair shop located inside select Fit2Run locations.<\/h4><h4><\/h4><p>Our trained bicycle mechanics and bike fit experts can guide you through the selection and fitting process to find the right bike so you can be ready to ride. The F2R Bike Shop is an authorized dealer for the following brands: Specialized, Electra, SE Bikes, Jamis, Tuesday and Fuji. <\/p><p>We’ve got a bike for everyone. <\/p>","enlarge_text":true}}},"block_order":["text_C7aefg"],"custom_css":["p {margin-bottom: 0px;}"],"settings":{"height":"medium","text_alignment":"center","full_width":false,"color_scheme":"default"}},"image_with_text_pR6JMk":{"type":"image-with-text","blocks":{"heading_qRRU3L":{"type":"heading","disabled":true,"settings":{"title":"We offer the following services:","use_h1":false}},"text_bjAq8U":{"type":"text","settings":{"text":"<h4>We offer the following services:<\/h4>","enlarge_text":false}},"text_WBrrAj":{"type":"text","settings":{"text":"<ul><li>Bike Sales<\/li><li>Flat Tire Repairs<\/li><li>Bike Tune-ups<\/li><li>Additional Bike Repairs and Services<\/li><li>Bike Accessories: Helmets, Lights, Locks, Replacement\/Upgraded Parts, etc.<\/li><\/ul>","enlarge_text":false}},"button_MWWjya":{"type":"button","settings":{"button_label":"BOOK SERVICE","button_link":"shopify:\/\/pages\/f2r-bike-shop-schedule-service","button_style":"primary"}},"button_pyLPrM":{"type":"button","settings":{"button_label":"STORE LOCATOR","button_link":"shopify:\/\/pages\/store-locator","button_style":"primary"}}},"block_order":["heading_qRRU3L","text_bjAq8U","text_WBrrAj","button_MWWjya","button_pyLPrM"],"settings":{"image":"shopify:\/\/shop_images\/IMG_4530.jpg","image_2":"shopify:\/\/shop_images\/Bike3.jpg","image_width":700,"image_link":"","image_position":"left","text_alignment":"left","color_scheme":"default"}},"rich_text_VzM3ym":{"type":"rich-text","blocks":{"heading_cCq9rT":{"type":"heading","settings":{"title":"SPOKES","use_h1":false}},"text_rjLRNn":{"type":"text","settings":{"use_metadata":false,"text":"<p>Spokes is a beer and seltzer bar that features local craft beer and a space for runners and cyclists to gather and connect before or after a neighborhood run or ride. <\/p><p>Spokes Bar is located inside a select few F2R Bike Shops,  <a href=\"\/pages\/fit2run-bradenton\" title=\"Fit2Run Bradenton\"><strong>Fit2Run Bradenton<\/strong><\/a> &<\/p><p><a href=\"\/pages\/fit2run-waterford-lakes\" title=\"Fit2Run Waterford Lakes\"><strong>Fit2Run Waterford Lakes<\/strong><\/a>.<\/p>","enlarge_text":false}},"image_R6zWrX":{"type":"image","settings":{"image":"shopify:\/\/shop_images\/Spokes2.jpg","image_width":390,"url":""}},"image_FeqAhz":{"type":"image","settings":{"image":"shopify:\/\/shop_images\/Spokes1_11103972-72de-46d6-b32c-ac109ce5a109.jpg","image_width":240,"url":""}}},"block_order":["heading_cCq9rT","text_rjLRNn","image_R6zWrX","image_FeqAhz"],"custom_css":["p {margin-bottom: 0px;}"],"settings":{"height":"small","text_alignment":"center","full_width":false,"color_scheme":"2"}}},"order":["main","image_with_text_overlay_YaebWp","scrolling_banner_yHcTEz","rich_text_Harnip","rich_text_afbHRm","image_with_text_pR6JMk","rich_text_VzM3ym"]}