{"sections":{"main":{"type":"main-page","disabled":true,"settings":{"show_page_title":true,"full_width":false}},"background_video_ig9YKP":{"type":"background-video","blocks":{"heading_CjzAtB":{"type":"heading","settings":{"title":"BROOKS","heading_max_width":17,"title_size":150,"title_size_mobile":58,"use_h1":false}},"subheading_PdEFQa":{"type":"subheading","settings":{"subheading":"FOOTWEAR | APPAREL | ACCESORIES"}},"button_bc8986":{"type":"button","settings":{"button_label":"SHOP ALL","button_link":"shopify:\/\/collections\/brooks","button_style":"link"}}},"block_order":["heading_CjzAtB","subheading_PdEFQa","button_bc8986"],"settings":{"video_shopify":"shopify:\/\/files\/videos\/BROOKS_BANNER.mp4","video_external":"https:\/\/www.youtube.com\/watch?v=_9VUPq3SxOc","video_description":"","text_alignment":"center center","height_desktop":380,"height_mobile":460,"full_width":true,"overlay_style":"full image-overlay--bg-shadow"}},"scrolling_banner_K7j79w":{"type":"scrolling-banner","blocks":{"image_cUxN8F":{"type":"image","settings":{"image":"shopify:\/\/shop_images\/F2R_X_BROOKS.png","image_width":270,"link":"shopify:\/\/collections\/brooks"}}},"block_order":["image_cUxN8F"],"settings":{"full_width":true,"color_scheme":"2","text_size":16,"vertical_padding":9,"speed":35,"direction":"left","font":"heading","space":100}},"custom_content_tgQ66e":{"type":"custom-content","blocks":{"text_Xdp3n9":{"type":"text","settings":{"width":"half","subheading":"","title":"MEN'S","text":"","button_label":"EXPLORE MORE","button_link":"shopify:\/\/collections\/brooks-mens","button_style":"link","text_alignment":"center"}},"text_fVf7EB":{"type":"text","settings":{"width":"half","subheading":"","title":"WOMEN'S","text":"","button_label":"EXPLORE MORE","button_link":"shopify:\/\/collections\/brooks-womens","button_style":"link","text_alignment":"center"}}},"block_order":["text_Xdp3n9","text_fVf7EB"],"settings":{"alignment":"middle"}},"collection_list_NEUArE":{"type":"collection-list","blocks":{"collection_h33NHa":{"type":"collection","settings":{"collection":"brooks-footwear","image":"shopify:\/\/shop_images\/Brooks_Collection_Footwear.png","subheading":"BROOKS FOOTWEAR","button_label":"EXPLORE MORE"}},"collection_i4QUyM":{"type":"collection","settings":{"collection":"brooks-apparel","image":"shopify:\/\/shop_images\/Brooks_Collection_Apparel.png","subheading":"BROOKS APPAREL","button_label":"EXPLORE MORE"}},"collection_LULcQ7":{"type":"collection","settings":{"collection":"brooks-run-bras","image":"shopify:\/\/shop_images\/Brooks_Collection_Bras.png","subheading":"BROOKS RUN BRAS","button_label":"EXPLORE MORE"}},"collection_L48HUj":{"type":"collection","settings":{"collection":"brooks-accessories","image":"shopify:\/\/shop_images\/Brooks_Collection_Accessories.png","subheading":"BROOKS ACCESSORIES","button_label":"EXPLORE MORE"}}},"block_order":["collection_h33NHa","collection_i4QUyM","collection_LULcQ7","collection_L48HUj"],"settings":{"title":"FOOTWEAR | APPAREL | BRAS | ACCESSORIES","enable_carousel":true,"grid":4,"color_scheme":"default","full_width":true,"coll_grid_image_shape":"square","coll_grid_image_position":"center center","coll_thumb_mob_per_row":"2","coll_grid_show_count":false,"coll_text_position":"below","coll_text_position_under_mobile":true,"coll_thumb_text_align_x":"center","coll_thumb_text_align_y":"center","coll_button_style":"link"}},"countdown_timer_jL3Mj8":{"type":"countdown-timer","blocks":{"subheading_aYjmD9":{"type":"subheading","settings":{"subheading":"BRAND NEW TO BROOKS"}},"heading_WtXfcy":{"type":"heading","settings":{"title":"GHOST MAX 2","use_h1":false}},"text_b8LJD3":{"type":"text","settings":{"text":"<p>Experience next-level comfort thanks to superior cushioning for your best run yet. <\/p>","enlarge_text":false}},"button_tWPRF3":{"type":"button","settings":{"button_label":"SHOP NOW","button_link":"shopify:\/\/products\/brooks-ghost-max-2-mens-truffle-black-coconut","button_style":"primary"}}},"block_order":["subheading_aYjmD9","heading_WtXfcy","text_b8LJD3","button_tWPRF3"],"disabled":true,"settings":{"show_image":true,"image":"shopify:\/\/shop_images\/GHOST_MAX_2.png","image_link":"","show_image_space":true,"image_position":"left","text_alignment":"center","color_scheme":"2"}},"shop_the_look_HwXKi6":{"type":"shop-the-look","blocks":{"heading_ReMQYq":{"type":"heading","settings":{"title":"","heading_max_width":10,"title_size":56,"title_size_mobile":26,"use_h1":false}}},"block_order":["heading_ReMQYq"],"settings":{"image":"shopify:\/\/shop_images\/BROOKS_CORE_FOUR.png","mobile_image":"shopify:\/\/shop_images\/Brooks_Hotspots1.png","video_external":"","video_description":"","height":"fixed","height_desktop":600,"height_mobile":460,"product_list":["brooks-ghost-16-mens-black-forged-iron-blue","brooks-adrenaline-gts-23-womens-grey-black-purple","brooks-glycerin-gts-21-womens","brooks-glycerin-21-womens-lavender-black-copper"],"products_alignment":"bottom right","product_card_layout":"landscape","show_swatches":true,"full_width":true,"text_alignment":"top left","mobile_overlay_over":false,"overlay_style":"shadow"}},"slideshow_fTbya6":{"type":"slideshow","settings":{"height":"fixed","height_desktop":600,"height_mobile":460,"full_width":true,"mobile_overlay_under":false,"overlay_style":"shadow","transition":"fade","navigation":"arrows","autoplay":true,"autoplay_speed":7,"accessibility_info":"","button_style":"primary"}},"collection_list_3CiiVx":{"type":"collection-list","blocks":{"collection_kfQjG6":{"type":"collection","settings":{"collection":"brooks-dare-crisscross-run-bra","subheading":"","button_label":""}},"collection_RYjTjL":{"type":"collection","settings":{"collection":"brooks-dare-crossback-run-bra-2-0","subheading":"","button_label":""}},"collection_PCr9gA":{"type":"collection","settings":{"collection":"brooks-dare-scoopback-run-bra-2-0","subheading":"","button_label":""}},"collection_zKYDV4":{"type":"collection","settings":{"collection":"brooks-dare-underwire-run-bra","subheading":"","button_label":""}},"collection_xckMpe":{"type":"collection","settings":{"collection":"brooks-dare-v-neck-run-bra","subheading":"","button_label":""}},"collection_BHyqgX":{"type":"collection","settings":{"collection":"brooks-dare-zip-run-bra","subheading":"","button_label":""}},"collection_E7A9YH":{"type":"collection","settings":{"collection":"","subheading":"","button_label":""}},"collection_gezMqq":{"type":"collection","settings":{"collection":"brooks-dare-zip-run-bra-2-0","subheading":"","button_label":""}},"collection_ULGm7m":{"type":"collection","settings":{"collection":"brooks-drive-interlace-run-bra","subheading":"","button_label":""}},"collection_iXHnDe":{"type":"collection","settings":{"collection":"brooks-drive-plunge-run-bra","subheading":"","button_label":""}},"collection_Jqeadx":{"type":"collection","settings":{"collection":"brooks-drive-plunge-run-bra-2-0","subheading":"","button_label":""}}},"block_order":["collection_kfQjG6","collection_RYjTjL","collection_PCr9gA","collection_zKYDV4","collection_xckMpe","collection_BHyqgX","collection_E7A9YH","collection_gezMqq","collection_ULGm7m","collection_iXHnDe","collection_Jqeadx"],"disabled":true,"settings":{"title":"BRAS","enable_carousel":true,"grid":4,"color_scheme":"default","full_width":true,"coll_grid_image_shape":"square","coll_grid_image_position":"center center","coll_thumb_mob_per_row":"2","coll_grid_show_count":true,"coll_text_position":"below","coll_text_position_under_mobile":false,"coll_thumb_text_align_x":"center","coll_thumb_text_align_y":"center","coll_button_style":"link"}},"scrolling_banner_BbLNNj":{"type":"scrolling-banner","blocks":{"text_KziFgp":{"type":"text","settings":{"text":"SALE","color":"rgba(0,0,0,0)","link":"","use_h1":false,"stencil_all_text":false,"stencil_text":""}}},"block_order":["text_KziFgp"],"settings":{"full_width":true,"color_scheme":"2","text_size":20,"vertical_padding":19,"speed":37,"direction":"right","font":"heading","space":70}},"product_list_f4kYNj":{"type":"product-list","settings":{"title":"SALE","product_list":["brooks-adrenaline-gts-23-mens-cloud-blue-goblin-blue-lime","brooks-glycerin-20-womens-oyster-latigo-bay-coral","brooks-ghost-max-mens","brooks-ghost-15-womens-spa-blue-neo-pink-copper","brooks-revel-6-khaki-mens"],"show_vendor":false,"enable_carousel":true,"grid":4,"color_scheme":"default","full_width":true}},"scrolling_banner_r4w8Vw":{"type":"scrolling-banner","blocks":{"text_7wTcff":{"type":"text","settings":{"text":"SALE","color":"rgba(0,0,0,0)","link":"","use_h1":false,"stencil_all_text":false,"stencil_text":""}}},"block_order":["text_7wTcff"],"settings":{"full_width":true,"color_scheme":"2","text_size":20,"vertical_padding":19,"speed":37,"direction":"left","font":"heading","space":70}}},"order":["main","background_video_ig9YKP","scrolling_banner_K7j79w","custom_content_tgQ66e","collection_list_NEUArE","countdown_timer_jL3Mj8","shop_the_look_HwXKi6","slideshow_fTbya6","collection_list_3CiiVx","scrolling_banner_BbLNNj","product_list_f4kYNj","scrolling_banner_r4w8Vw"]}