{"sections":{"main":{"type":"main-page","disabled":true,"settings":{"show_page_title":true,"full_width":false}},"rich_text_MJ3xBw":{"type":"rich-text","blocks":{"heading_LwqX6L":{"type":"heading","settings":{"title":"THANK YOU!","use_h1":false}},"text_PKnfFV":{"type":"text","settings":{"use_metadata":false,"text":"<p>For providing your feedback. We value your time and have recorded your rating.<\/p>","enlarge_text":true}}},"block_order":["heading_LwqX6L","text_PKnfFV"],"settings":{"height":"medium","text_alignment":"center","full_width":false,"color_scheme":"2"}}},"order":["main","rich_text_MJ3xBw"]}