{"sections":{"main":{"type":"main-page","disabled":true,"settings":{"show_page_title":true,"full_width":false}},"image_with_text_overlay_Y4pMjK":{"type":"image-with-text-overlay","blocks":{"subheading_MniXhR":{"type":"subheading","settings":{"subheading":"FIT2RUN ORLANDO"}},"heading_b6fbYV":{"type":"heading","settings":{"title":"DISNEY SPRINGS","heading_max_width":15,"title_size":84,"title_size_mobile":32,"use_h1":false}}},"block_order":["subheading_MniXhR","heading_b6fbYV"],"custom_css":[".text-overlay__text {color: #171717;}"],"settings":{"image":"shopify:\/\/shop_images\/white.png","height":"fixed","height_desktop":200,"height_mobile":160,"image_link":"","full_width":true,"text_alignment":"center center","mobile_overlay_under":false,"overlay_style":"no_background"}},"scrolling_banner_cyrRFn":{"type":"scrolling-banner","blocks":{"text_Wz9yfK":{"type":"text","settings":{"text":"RUN CLUB EVERY WEDNESDAY @ 6:30 @ FLAMINGO CROSSINGS LOCATION","color":"#f7f7f8","link":"","use_h1":false,"stencil_all_text":false,"stencil_text":""}}},"block_order":["text_Wz9yfK"],"settings":{"full_width":true,"color_scheme":"2","text_size":16,"vertical_padding":14,"speed":26,"direction":"left","font":"heading","space":90}},"map_4Xbeqk":{"type":"map","custom_css":["p {margin-bottom: 4px;}"],"settings":{"full_width":true,"color_scheme":"default","heading":"STORE HOURS:","address":"<p>Monday: 10 AM - 11 PM<\/p><p>Tuesday: 10 AM - 11 PM<\/p><p>Wednesday: 10 AM - 11 PM<\/p><p>Thursday: 10 AM - 11 PM<\/p><p>Friday: 10 AM - 11:30 PM<\/p><p>Saturday: 10 AM - 11:30 PM<\/p><p>Sunday: 10 PM - 11 PM<\/p><h4>STORE PHONE #:<\/h4><h6>(407) 743-5990<\/h6><h4>STORE ADDRESS:<\/h4><h6>1520 LAKE BUENA VISTA DR SPACE #107, LAKE BUENA VISTA, FL 32830<\/h6>","button":"Directions","show_pin":true,"show_feature_image":false,"map_address":"1520 East Buena Vista DriveSpace 107 Lake Buena Vista, 32830","api_key":"AIzaSyBXyIvH_A_lizFVtY8oXsx0Jg75whMenEI","map_type":"dynamic","map_style":"retro"}},"custom_content_D4UyGD":{"type":"custom-content","settings":{"alignment":"middle"}},"scrolling_banner_pE3wP7":{"type":"scrolling-banner","blocks":{"image_MyPiec":{"type":"image","settings":{"image":"shopify:\/\/shop_images\/Untitled-5.jpg","image_width":100,"link":"shopify:\/\/pages\/on-brand-page"}},"image_AYYycA":{"type":"image","settings":{"image":"shopify:\/\/shop_images\/Hoka_Logo.png","image_width":100,"link":"shopify:\/\/pages\/hoka-brand-page"}},"image_8PdPQf":{"type":"image","settings":{"image":"shopify:\/\/shop_images\/Asics_Logo.png","image_width":100,"link":"shopify:\/\/pages\/asics-brand-page"}},"image_w6m6Mf":{"type":"image","settings":{"image":"shopify:\/\/shop_images\/Brooks_Logo.png","image_width":220,"link":"shopify:\/\/pages\/brooks-brand-page"}}},"block_order":["image_MyPiec","image_AYYycA","image_8PdPQf","image_w6m6Mf"],"settings":{"full_width":true,"color_scheme":"default","text_size":50,"vertical_padding":7,"speed":26.5,"direction":"left","font":"heading","space":50}},"testimonials_M8crif":{"type":"testimonials","blocks":{"testimonial_EiFMfy":{"type":"testimonial","settings":{"star_rating":5,"testimonial":"Definitely stop in here if you're in need of a good pair of shoes.","author":"SCOTT","image":"shopify:\/\/shop_images\/Disney_Springs_3.png","image_caption":"","link":""}},"testimonial_BypKLy":{"type":"testimonial","settings":{"star_rating":5,"testimonial":"Bought some shoes here, while at Disney Springs! The customer service was exceptional, the best shoe store I’ve seen!","author":"KENNETH G.","image":"shopify:\/\/shop_images\/Disney_Springs_2.png","image_caption":"","link":""}},"testimonial_GgKjqi":{"type":"testimonial","settings":{"star_rating":5,"testimonial":"Great selection and the staff are friendly and go out of their way to help!","author":"RENEE T.","image":"shopify:\/\/shop_images\/Disney_Springs_1.png","image_caption":"","link":""}}},"block_order":["testimonial_EiFMfy","testimonial_BypKLy","testimonial_GgKjqi"],"settings":{"title":"Customer reviews","layout":"image-right","text_caps":false,"quote_text_size":25,"quote_text_size_mobile":20,"image_shape":"square","color_scheme":"default","autoplay":true,"autoplay_speed":5}},"rich_text_W9naHT":{"type":"rich-text","blocks":{"heading_VM9mPL":{"type":"heading","settings":{"title":"ABOUT DISNEY SPRINGS","use_h1":false}},"text_ywVjhB":{"type":"text","settings":{"use_metadata":false,"text":"<p>No matter your fitness level, Fit2Run at Disney Springs has runners and walkers covered! Providing expert advice and a curated collection of the best athletic wear, this family owned and locally operated shop is all about encouraging an active and healthy lifestyle. Fit2Run at Disney Springs is a one-stop running store and should be top on your list when visiting Disney World. Whether you live here year-round, seasonally or are just visiting, Florida is an ideal place for runners and athletes. A warm climate through all the seasons makes it the perfect place to train. Located in the beautiful Disney Springs at Walt Disney World Resort, Disney Springs is a destination in itself. It's also a great place to visit if you happen to be shopping or relaxing at one of this venue's 170+ specialty shops and restaurants. We carry all the best brands of running shoes and apparel here for men and women. Brooks Running, On Running, ASICS, and Hoka are just a few of the top manufacturers we represent. You can also choose among several styles of OOFOS recovery sandals here. These are ideal for nursing your aching feet, legs and back to health after a grueling competitive event or challenging workout.<\/p>","enlarge_text":false}}},"block_order":["heading_VM9mPL","text_ywVjhB"],"settings":{"height":"medium","text_alignment":"center","full_width":false,"color_scheme":"default"}}},"order":["main","image_with_text_overlay_Y4pMjK","scrolling_banner_cyrRFn","map_4Xbeqk","custom_content_D4UyGD","scrolling_banner_pE3wP7","testimonials_M8crif","rich_text_W9naHT"]}