{"sections":{"main":{"type":"main-page","disabled":true,"settings":{"show_page_title":true,"full_width":false}},"image_with_text_overlay_7heg8x":{"type":"image-with-text-overlay","blocks":{"subheading_etm8f7":{"type":"subheading","settings":{"subheading":"RUN WITH US"}},"heading_T9gjNM":{"type":"heading","settings":{"title":"F2R RUN CLUB","heading_max_width":15,"title_size":84,"title_size_mobile":38,"use_h1":false}}},"block_order":["subheading_etm8f7","heading_T9gjNM"],"settings":{"image":"shopify:\/\/shop_images\/Run_Club_Header_D_26be1635-7e69-4224-92a7-6e8b0e37ec09.png","mobile_image":"shopify:\/\/shop_images\/Run_Club_Header_M.png","height":"fixed","height_desktop":380,"height_mobile":380,"image_link":"","full_width":true,"text_alignment":"center center","mobile_overlay_under":false,"overlay_style":"shadow"}},"scrolling_banner_aJXWqm":{"type":"scrolling-banner","blocks":{"image_XbeA3N":{"type":"image","settings":{"image":"shopify:\/\/shop_images\/F2R_Run_Club_Florida_White_Logo.png","image_width":45,"link":""}},"text_9cicDC":{"type":"text","settings":{"text":"EVERY PACE HAS A PLACE","color":"rgba(0,0,0,0)","link":"","use_h1":false,"stencil_all_text":false,"stencil_text":""}},"image_djmAPz":{"type":"image","settings":{"image":"shopify:\/\/shop_images\/F2R_Run_Club_Puerto_Rico_White_Logo.png","image_width":45,"link":""}},"text_fknwMc":{"type":"text","settings":{"text":"EVERY PACE HAS A PLACE","color":"rgba(0,0,0,0)","link":"","use_h1":false,"stencil_all_text":false,"stencil_text":""}}},"block_order":["image_XbeA3N","text_9cicDC","image_djmAPz","text_fknwMc"],"settings":{"full_width":true,"color_scheme":"2","text_size":16,"vertical_padding":9,"speed":19,"direction":"left","font":"heading","space":45}},"rich_text_Pz9Wt4":{"type":"rich-text","blocks":{"text_gmnKQn":{"type":"text","disabled":true,"settings":{"use_metadata":false,"text":"<h3>COMMUNITY IS THE HEARTBEAT OF OUR PASSION FOR RUNNING<\/h3>","enlarge_text":false}},"text_WfrJRU":{"type":"text","disabled":true,"settings":{"use_metadata":false,"text":"<p>We invite you to join the F2R Run Club for our weekly runs across Florida and Puerto Rico. Every pace has a place here, and we welcome runners and walkers of all ages<\/p><p>to join us for free. <\/p>","enlarge_text":false}},"text_3fVQPA":{"type":"text","settings":{"use_metadata":false,"text":"<h3>WE INVITE YOU<\/h3>","enlarge_text":false}},"text_Ci3yF6":{"type":"text","settings":{"use_metadata":false,"text":"<p><em>To the F2R Run Club for our weekly runs across Florida and Puerto Rico. <\/em><em><strong>Every pace has a place here<\/strong><\/em><em>, and we welcome runners and walkers of all ages to join us for free.<\/em> <\/p><p>Our dedicated team provides a well-planned route, water, and encouragement for everyone who attends. Enjoy perks like giveaways, shoe demos, pop-up events, and free chip timing. Don’t miss out on the fun—lace up your shoes and bring along your furry friend, stroller, or running partner. Become a part of the F2R Run Club today and experience the joy of running together.<\/p>","enlarge_text":false}}},"block_order":["text_gmnKQn","text_WfrJRU","text_3fVQPA","text_Ci3yF6"],"custom_css":[],"settings":{"height":"medium","text_alignment":"center","full_width":false,"color_scheme":"default"}},"custom_content_fpQXcF":{"type":"custom-content","blocks":{"text_ePCMzJ":{"type":"text","settings":{"width":"third","subheading":"","title":"","text":"<h5><a href=\"\/pages\/fit2run-estero\" title=\"Fit2Run Estero\"><strong>ESTERO<\/strong><\/a><\/h5><p><strong>WEDNESDAYS • 6:30 PM <\/strong><\/p><p>23190 Fashion Drive, Estero, FL 33928<\/p>","button_label":"","button_link":"","button_style":"secondary-black","text_alignment":"center"}},"text_c9tWKi":{"type":"text","settings":{"width":"third","subheading":"","title":"","text":"<h5><a href=\"\/pages\/fit2run-celebration-pointe\" title=\"Fit2Run Celebration Pointe\"><strong>CELEBRATION POINTE<\/strong><\/a><\/h5><p><strong>WEDNESDAYS • 6:00 PM<\/strong><\/p><p>4871 Celebration Pointe Ave #40,<\/p><p>Gainesville, FL 32608<\/p>","button_label":"","button_link":"","button_style":"secondary-black","text_alignment":"center"}},"text_keaQAN":{"type":"text","settings":{"width":"third","subheading":"","title":"","text":"<h5><a href=\"\/pages\/fit2run-coconut-creek\" title=\"Fit2Run Coconut Creek\"><strong>COCONUT CREEK<\/strong><\/a><\/h5><p><strong>WEDNESDAYS • 7:00 PM<\/strong><\/p><p>4437 Lyons Rd Suite 101,<\/p><p>Coconut Creek, FL 33073<\/p>","button_label":"","button_link":"","button_style":"secondary-black","text_alignment":"center"}}},"block_order":["text_ePCMzJ","text_c9tWKi","text_keaQAN"],"custom_css":["p {margin-bottom: 0px;}"," h5 {margin-bottom: 6px;"],"settings":{"alignment":"top"}},"custom_content_UMaDdD":{"type":"custom-content","blocks":{"text_fBnAWL":{"type":"text","settings":{"width":"third","subheading":"","title":"","text":"<h5><a href=\"\/pages\/fit2run-palm-beach\" title=\"Fit2Run Palm Beach\"><strong>PALM BEACH GARDENS<\/strong><\/a><\/h5><p><strong>WEDNESDAYS • 6:30 PM <\/strong><\/p><p>3101 PGA Boulevard,<\/p><p>Palm Beach Gardens, FL 33410<\/p>","button_label":"","button_link":"","button_style":"primary","text_alignment":"center"}},"text_yTzhYd":{"type":"text","settings":{"width":"third","subheading":"","title":"","text":"<h5><a href=\"\/pages\/fit2run-st-petersburg\" title=\"Fit2Run St Petersburg\"><strong>ST. PETERSBURG<\/strong><\/a><\/h5><p><strong>WEDNESDAYS • 6:30 PM<\/strong><\/p><p>256 2nd Street North,<\/p><p>St. Petersburg, FL 33701<\/p><p>* <em>Last Wednesday of the month will be hosted at Greenbench Brewing Co *<\/em><\/p>","button_label":"","button_link":"","button_style":"primary","text_alignment":"center"}},"text_mgpEMF":{"type":"text","settings":{"width":"third","subheading":"","title":"","text":"<h5><a href=\"\/pages\/fit2run-tampa\" title=\"Fit2Run Tampa\"><strong>TAMPA<\/strong><\/a><\/h5><p><strong>1st\/3rd WEDNESDAY • 6:30 PM<\/strong><\/p><p>Armature Works, 1910 N Ola Ave,<\/p><p>Tampa, FL 33602<\/p>","button_label":"","button_link":"","button_style":"primary","text_alignment":"center"}}},"block_order":["text_fBnAWL","text_yTzhYd","text_mgpEMF"],"custom_css":["p {margin-bottom: 0px;}"," h5 {margin-bottom: 6px;"],"settings":{"alignment":"top"}},"custom_content_e4JYNi":{"type":"custom-content","blocks":{"text_MwfqT7":{"type":"text","settings":{"width":"third","subheading":"","title":"","text":"<h5><a href=\"\/pages\/fit2run-wesley-chapel\" title=\"Fit2Run Wesley Chapel\"><strong>WESLEY CHAPEL<\/strong><\/a><\/h5><p><strong>WEDNESDAYS • 6:30 PM <\/strong><\/p><p>28139 Paseo Drive, Wesley Chapel, FL 33543<\/p>","button_label":"","button_link":"","button_style":"primary","text_alignment":"center"}},"text_fGFbUp":{"type":"text","settings":{"width":"third","subheading":"","title":"","text":"<h5><a href=\"\/pages\/fit2run-waterford-lakes\" title=\"Fit2Run Waterford Lakes\"><strong>WATERFORD LAKES<\/strong><\/a><\/h5><p><strong>SUNDAYS • 11:30 AM <\/strong><\/p><p>789 N Alafaya Trail, Orlando, FL 32828<\/p>","button_label":"","button_link":"","button_style":"primary","text_alignment":"center"}},"text_AawLBG":{"type":"text","settings":{"width":"third","subheading":"","title":"","text":"<h5><a href=\"\/pages\/fit2run-panama-city\" title=\"Fit2Run Panama City\"><strong>PIER PARK - PANAMA CITY<\/strong><\/a><\/h5><p><strong>MONDAYS • 6:00 PM <\/strong><\/p><p>204 Bluefish Dr Suite 105 <\/p><p>Panama City, 32413<\/p>","button_label":"","button_link":"","button_style":"primary","text_alignment":"center"}}},"block_order":["text_MwfqT7","text_fGFbUp","text_AawLBG"],"custom_css":["p {margin-bottom: 0px;}"," h5 {margin-bottom: 6px;"],"settings":{"alignment":"top"}},"custom_content_EipfCU":{"type":"custom-content","blocks":{"text_gxEiXN":{"type":"text","settings":{"width":"third","subheading":"","title":"","text":"<h5><a href=\"\/pages\/fit2run-wellington\" title=\"Fit2Run Wellington\"><strong>WELLINGTON<\/strong><\/a><\/h5><p><strong>WEDNESDAYS • 6:30 PM <\/strong><\/p><p>10300 W Forest Hill Blvd Suite 287,<\/p><p>Wellington, FL 33414<\/p>","button_label":"","button_link":"","button_style":"primary","text_alignment":"center"}},"text_WCzRgh":{"type":"text","settings":{"width":"third","subheading":"","title":"","text":"<h5><a href=\"\/pages\/fit2run-dania-pointe\" title=\"Fit2Run Dania Pointe\"><strong>DANIA POINTE<\/strong><\/a><\/h5><p><strong>THURSDAYS • 7:00 PM  <\/strong><\/p><p>1811 Pointe Blvd, Dania Beach, FL 33004<\/p>","button_label":"","button_link":"","button_style":"primary","text_alignment":"center"}},"text_g3HzEf":{"type":"text","settings":{"width":"third","subheading":"","title":"","text":"<h5><a href=\"\/pages\/fit2run-melbourne\" title=\"Fit2Run Melbourne\"><strong>MELBOURNE<\/strong><\/a><\/h5><p><strong>WEDNESDAYS • 6:00 PM <\/strong><\/p><p>1700 W. New Haven Ave. Unit 540B,<\/p><p>Melbourne, FL 32904<\/p>","button_label":"","button_link":"","button_style":"primary","text_alignment":"center"}}},"block_order":["text_gxEiXN","text_WCzRgh","text_g3HzEf"],"custom_css":["p {margin-bottom: 0px;}"," h5 {margin-bottom: 6px;"],"settings":{"alignment":"top"}},"custom_content_P6ria9":{"type":"custom-content","blocks":{"text_KjWGK7":{"type":"text","settings":{"width":"third","subheading":"","title":"","text":"<h5><a href=\"\/pages\/fit2run-destin\" title=\"Fit2Run Destin\"><strong>DESTIN<\/strong><\/a><\/h5><p><strong>TUESDAYS • 5:30 PM <\/strong><\/p><p>9375 Emerald Coast Pkwy,<\/p><p>Miramar Beach, FL 32550<\/p>","button_label":"","button_link":"","button_style":"primary","text_alignment":"center"}},"text_aCfeix":{"type":"text","settings":{"width":"third","subheading":"","title":"","text":"<h5><a href=\"\/pages\/fit2run-ocala\" title=\"Fit2Run Ocala\"><strong>OCALA<\/strong><\/a><\/h5><p><strong>WEDNESDAYS • 6:00 PM <\/strong><\/p><p>3100 SW College Rd Suite 390A,<\/p><p>Ocala, FL 34474<\/p>","button_label":"","button_link":"","button_style":"primary","text_alignment":"center"}},"text_7WgGRm":{"type":"text","settings":{"width":"third","subheading":"","title":"","text":"<h5><a href=\"\/pages\/fit2run-altamonte-springs\" title=\"Fit2Run Altamonte Springs\"><strong>ALTAMONTE SPRINGS<\/strong><\/a><\/h5><p><strong>MONDAYS • 6:30 PM <\/strong><\/p><p>451 E Altamonte Dr #2321<\/p><p>Altamonte Springs, FL<\/p>","button_label":"","button_link":"","button_style":"primary","text_alignment":"center"}}},"block_order":["text_KjWGK7","text_aCfeix","text_7WgGRm"],"custom_css":["p {margin-bottom: 0px;}"," h5 {margin-bottom: 6px;"],"settings":{"alignment":"top"}},"custom_content_j7r9rU":{"type":"custom-content","blocks":{"text_xLFb8L":{"type":"text","settings":{"width":"third","subheading":"","title":"","text":"<h5><a href=\"\/pages\/fit2run-flamingo-crossings\" title=\"Fit2Run Flamingo Crossings\"><strong>FLAMINGO CROSSING\/<\/strong><\/a><\/h5><h5><a href=\"\/pages\/fit2run-flamingo-crossings\" title=\"Fit2Run Flamingo Crossings\"><strong>DISNEY SPRINGS<\/strong><\/a><\/h5><p><strong>WEDNESDAYS • 7:00 PM <\/strong><\/p><p>102 Ruby Red Pl Unit B,<\/p><p>Winter Garden, FL 34787<\/p>","button_label":"","button_link":"","button_style":"primary","text_alignment":"center"}},"text_HYy8pH":{"type":"text","settings":{"width":"third","subheading":"","title":"","text":"<h5><a href=\"\/pages\/fit2run-clearwater\" title=\"Fit2Run Clearwater\"><strong>CLEARWATER<\/strong><\/a><\/h5><p><strong>WEDNESDAYS • 6:30 PM <\/strong><\/p><p>27001 US Hwy 19 N Space #1062,<\/p><p>Clearwater, FL 33761<\/p>","button_label":"","button_link":"","button_style":"primary","text_alignment":"center"}},"text_rJXJPW":{"type":"text","settings":{"width":"third","subheading":"","title":"","text":"<h5><a href=\"\/pages\/fit2run-key-west\" title=\"Fit2Run Key West\"><strong>KEY WEST<\/strong><\/a><\/h5><p><strong>THURSDAYS • 5:30 PM <\/strong><\/p><p>211 Duval St. Unit B, Key West, FL 33040<\/p>","button_label":"","button_link":"","button_style":"primary","text_alignment":"center"}}},"block_order":["text_xLFb8L","text_HYy8pH","text_rJXJPW"],"custom_css":["p {margin-bottom: 0px;}","h5 {margin-bottom: 15px;}","h5 {line-height: 5px;}"],"settings":{"alignment":"top"}},"custom_content_RQUBmh":{"type":"custom-content","blocks":{"text_F6GdA8":{"type":"text","settings":{"width":"third","subheading":"","title":"","text":"<h5><a href=\"\/pages\/fit2run-ellenton\" title=\"Fit2Run Ellenton\"><strong>ELLENTON<\/strong><\/a><\/h5><p><strong>WEDNESDAYS • 6:00 PM <\/strong><\/p><p>5545 Factory Shops Blvd,<\/p><p>Ellenton, FL 34222<\/p>","button_label":"","button_link":"","button_style":"primary","text_alignment":"center"}},"text_4jD3zi":{"type":"text","settings":{"width":"third","subheading":"","title":"","text":"<h5><a href=\"\/pages\/fit2run-naples\" title=\"Fit2Run Naples\"><strong>NAPLES<\/strong><\/a><\/h5><p><strong>WEDNESDAYS • 6:00 PM <\/strong><\/p><p>1810 Tamiami Trail N, Naples, FL 34102<\/p>","button_label":"","button_link":"","button_style":"primary","text_alignment":"center"}},"text_Jwx7ec":{"type":"text","settings":{"width":"third","subheading":"","title":"","text":"<h5><a href=\"\/pages\/fit2run-cordova\" title=\"Fit2Run Cordova\"><strong>PENSACOLA<\/strong><\/a><\/h5><p><strong>SUNDAYS • 4:00 PM <\/strong><\/p><p>Dunwoody Park <\/p><p>3880 Baisden Rd <\/p><p>Pensacola, FL 32503<\/p>","button_label":"","button_link":"","button_style":"primary","text_alignment":"center"}}},"block_order":["text_F6GdA8","text_4jD3zi","text_Jwx7ec"],"custom_css":["p {margin-bottom: 0px;}"," h5 {margin-bottom: 6px;"],"settings":{"alignment":"top"}},"custom_content_jDtJ6z":{"type":"custom-content","blocks":{"text_JdY3mk":{"type":"text","settings":{"width":"third","subheading":"","title":"","text":"<h5><a href=\"\/pages\/fit2run-sarasota-utc\" title=\"Fit2Run Sarasota UTC\"><strong>SARASOTA - UTC<\/strong><\/a><\/h5><p><strong>WEDNESDAYS • 6:30 PM <\/strong><\/p><p>5851 Nathan Benderson Cir,<\/p><p>Sarasota, FL 34235<\/p>","button_label":"","button_link":"","button_style":"primary","text_alignment":"center"}},"text_LqzH6G":{"type":"text","settings":{"width":"third","subheading":"","title":"","text":"<h5><a href=\"\/pages\/fit2run-bradenton\" title=\"Fit2Run Bradenton\"><strong>BRADENTON<\/strong><\/a><\/h5><p><strong>WEDNESDAYS • 6:00 PM <\/strong><\/p><p>4951 Cortez Rd W, Bradenton, FL 34210<\/p>","button_label":"","button_link":"","button_style":"primary","text_alignment":"center"}},"text_kBYtMP":{"type":"text","settings":{"width":"third","subheading":"","title":"","text":"<h5><a href=\"\/pages\/fit2run-brandon\" title=\"Fit2Run Brandon\"><strong>BRANDON<\/strong><\/a><\/h5><p><strong>MONDAYS • 5:30 PM <\/strong><\/p><p>459 Brandon Town Center Dr, Space 628,<\/p><p>Brandon, FL 33511<\/p>","button_label":"","button_link":"","button_style":"primary","text_alignment":"center"}}},"block_order":["text_JdY3mk","text_LqzH6G","text_kBYtMP"],"custom_css":["p {margin-bottom: 0px;}"," h5 {margin-bottom: 6px;"],"settings":{"alignment":"top"}},"custom_content_eTtLrQ":{"type":"custom-content","blocks":{"text_bPQcbL":{"type":"text","settings":{"width":"third","subheading":"","title":"","text":"<h5><a href=\"\/pages\/fit2run-orange-park\" title=\"Fit2Run Orange Park\"><strong>ORANGE PARK<\/strong><\/a><\/h5><p><strong>FRIDAYS • 6:30 PM <\/strong><\/p><p>1910 Wells Rd Space E09,<\/p><p>Orange Park, FL 32073<\/p>","button_label":"","button_link":"","button_style":"primary","text_alignment":"center"}},"text_dgEACp":{"type":"text","settings":{"width":"third","subheading":"","title":"","text":"<h5><a href=\"\/pages\/fit2run-mall-of-georgia\" title=\"Fit2Run Mall of Georgia\"><strong>MALL OF GEORGIA<\/strong><\/a><\/h5><p><strong>SATURDAYS • 9:00 AM<\/strong><\/p><p>3333 Buford Dr Space 1086, <\/p><p>Buford, GA 30519<\/p>","button_label":"","button_link":"","button_style":"primary","text_alignment":"center"}},"text_GGniDc":{"type":"text","settings":{"width":"third","subheading":"","title":"","text":"<h5><a href=\"\/pages\/fit2run-san-juan\" title=\"Fit2Run San Juan\"><strong>SAN JUAN<\/strong><\/a><\/h5><p><strong>TUESDAYS • 6:00 PM <\/strong><\/p><p>1000 The Mall of San Juan Blvd Store #250, San Juan, 00924, Puerto Rico<\/p>","button_label":"","button_link":"","button_style":"primary","text_alignment":"center"}}},"block_order":["text_bPQcbL","text_dgEACp","text_GGniDc"],"custom_css":["p {margin-bottom: 0px;}"," h5 {margin-bottom: 6px;"],"settings":{"alignment":"top"}},"custom_content_PRYMJP":{"type":"custom-content","blocks":{"text_QrYNQi":{"type":"text","settings":{"width":"third","subheading":"","title":"","text":"<h5><a href=\"\/pages\/fit2run-plaza-del-sol\" title=\"Fit2Run Plaza Del Sol\"><strong>BAYAM<\/strong>Ó<strong>N<\/strong><\/a><\/h5><p><strong>THURSDAYS • 6:00 PM <\/strong><\/p><p>725 W Main Ave, Bayamón, 00961, Puerto Rico<\/p>","button_label":"","button_link":"","button_style":"primary","text_alignment":"center"}},"text_aKCR7h":{"type":"text","settings":{"width":"third","subheading":"","title":"","text":"<h5><a href=\"\/pages\/fit2run-barceloneta\" title=\"Fit2Run Barceloneta\"><strong>BARCELONETA<\/strong><\/a><\/h5><p><strong>THURSDAYS • 5:30 PM <\/strong><\/p><p>Complejo Deportivo de Barceloneta<\/p><p>Barceloneta, 00617, Puerto Rico<\/p>","button_label":"","button_link":"","button_style":"primary","text_alignment":"center"}},"text_B8rEVe":{"type":"text","settings":{"width":"third","subheading":"","title":"","text":"<h5><a href=\"\/pages\/fit2run-mayaguez\" title=\"Fit2Run Mayaguez\"><strong>MAYAGÜEZ<\/strong><\/a><\/h5><p><strong>THURSDAYS • 6:00 PM <\/strong><\/p><p>975 Av. Eugenio María de Hostos Space 118,<\/p><p>Mayagüez, 00680, Puerto Rico<\/p>","button_label":"","button_link":"","button_style":"primary","text_alignment":"center"}}},"block_order":["text_QrYNQi","text_aKCR7h","text_B8rEVe"],"custom_css":["p {margin-bottom: 0px;}"," h5 {margin-bottom: 6px;"],"settings":{"alignment":"middle"}},"custom_content_cmjJqw":{"type":"custom-content","blocks":{"text_Qajf7z":{"type":"text","settings":{"width":"third","subheading":"","title":"","text":"<h5><a href=\"\/pages\/fit2run-fajardo\" title=\"Fit2Run Fajardo\"><strong>FAJARDO<\/strong><\/a><\/h5><p><strong>WEDNESDAYS • 5:30 PM <\/strong><\/p><p>Complejo Deportivo Hipolito Robles Suarez<\/p><p>Fajardo, 00738, Puerto Rico<\/p>","button_label":"","button_link":"","button_style":"primary","text_alignment":"center"}},"text_RBPara":{"type":"text","settings":{"width":"third","subheading":"","title":"","text":"<h5><a href=\"\/pages\/fit2run-altamonte-springs\" title=\"Fit2Run Altamonte Springs\"><strong>PLAZA CAROLINA<\/strong><\/a><\/h5><p><strong>THURSDAYS • 6:00 PM <\/strong><\/p><p>Jesus M Fragoso Ave, Space #109, <\/p><p>Carolina, 00983, Puerto Rico<\/p>","button_label":"","button_link":"","button_style":"primary","text_alignment":"center"}},"text_trADRL":{"type":"text","settings":{"width":"third","subheading":"","title":"","text":"<h5><a href=\"\/pages\/fit2run-plaza-del-caribe\" title=\"Fit2Run Plaza Del Caribe\"><strong>PONCE<\/strong><\/a><\/h5><p><strong>WEDNESDAYS • 5:30 PM <\/strong><\/p><p>2050 Ponce Bypass Space 284,<\/p><p>Ponce, 00717, Puerto Rico<\/p>","button_label":"","button_link":"","button_style":"primary","text_alignment":"center"}}},"block_order":["text_Qajf7z","text_RBPara","text_trADRL"],"custom_css":["p {margin-bottom: 0px;}"," h5 {margin-bottom: 6px;"],"settings":{"alignment":"top"}},"slideshow_zydnLB":{"type":"slideshow","blocks":{"image_AFjfdm":{"type":"image","settings":{"image":"shopify:\/\/shop_images\/Run_Club_Gallery_1_b653427d-5285-4e43-a416-87efb633ced3.png","mobile_image":"shopify:\/\/shop_images\/Run_Club_Gallery_1.png","slide_link":"","subheading":"","title":"","heading_max_width":15,"title_size":84,"title_size_mobile":46,"use_h1":false,"text":"","enlarge_text":true,"button_label_1":"","button_url_1":"","button_label_2":"","button_url_2":"","text_alignment":"center center"}},"image_3rUXat":{"type":"image","settings":{"image":"shopify:\/\/shop_images\/Run_Club_Gallery_6_15a3a228-595e-4624-a835-5e0b2ac29293.png","mobile_image":"shopify:\/\/shop_images\/Run_Club_Gallery_6.png","slide_link":"","subheading":"","title":"","heading_max_width":15,"title_size":84,"title_size_mobile":46,"use_h1":false,"text":"","enlarge_text":true,"button_label_1":"","button_url_1":"","button_label_2":"","button_url_2":"","text_alignment":"center center"}},"image_bweqTq":{"type":"image","settings":{"image":"shopify:\/\/shop_images\/Run_Club_Gallery_2_40c35d62-612b-41f7-bf75-c2fb4c89940e.png","mobile_image":"shopify:\/\/shop_images\/Run_Club_Gallery_2.png","slide_link":"","subheading":"","title":"","heading_max_width":15,"title_size":84,"title_size_mobile":46,"use_h1":false,"text":"","enlarge_text":true,"button_label_1":"","button_url_1":"","button_label_2":"","button_url_2":"","text_alignment":"center center"}},"image_PrhHpJ":{"type":"image","settings":{"image":"shopify:\/\/shop_images\/Run_Club_Gallery_5_cd80d98b-bb1e-448e-86e8-69026f3bcb22.png","mobile_image":"shopify:\/\/shop_images\/Run_Club_Gallery_5.png","slide_link":"","subheading":"","title":"","heading_max_width":15,"title_size":84,"title_size_mobile":46,"use_h1":false,"text":"","enlarge_text":true,"button_label_1":"","button_url_1":"","button_label_2":"","button_url_2":"","text_alignment":"center center"}},"image_Kr98WK":{"type":"image","settings":{"image":"shopify:\/\/shop_images\/Run_Club_Gallery_4_301b5096-45be-42d4-90f4-9aa7a461a272.png","mobile_image":"shopify:\/\/shop_images\/Run_Club_Gallery_4.png","slide_link":"","subheading":"","title":"","heading_max_width":15,"title_size":84,"title_size_mobile":46,"use_h1":false,"text":"","enlarge_text":true,"button_label_1":"","button_url_1":"","button_label_2":"","button_url_2":"","text_alignment":"center center"}},"image_RGqMCm":{"type":"image","settings":{"image":"shopify:\/\/shop_images\/Run_Club_Gallery_3_f2f64b64-73b4-49d2-8005-dc2d6b50321e.png","mobile_image":"shopify:\/\/shop_images\/Run_Club_Gallery_3.png","slide_link":"","subheading":"","title":"","heading_max_width":15,"title_size":84,"title_size_mobile":46,"use_h1":false,"text":"","enlarge_text":true,"button_label_1":"","button_url_1":"","button_label_2":"","button_url_2":"","text_alignment":"center center"}}},"block_order":["image_AFjfdm","image_3rUXat","image_bweqTq","image_PrhHpJ","image_Kr98WK","image_RGqMCm"],"settings":{"height":"fixed","height_desktop":380,"height_mobile":380,"full_width":true,"mobile_overlay_under":false,"overlay_style":"shadow","transition":"slide-fade","navigation":"dots","autoplay":true,"autoplay_speed":5,"accessibility_info":"","button_style":"primary"}}},"order":["main","image_with_text_overlay_7heg8x","scrolling_banner_aJXWqm","rich_text_Pz9Wt4","custom_content_fpQXcF","custom_content_UMaDdD","custom_content_e4JYNi","custom_content_EipfCU","custom_content_P6ria9","custom_content_j7r9rU","custom_content_RQUBmh","custom_content_jDtJ6z","custom_content_eTtLrQ","custom_content_PRYMJP","custom_content_cmjJqw","slideshow_zydnLB"]}