{"sections":{"main":{"type":"main-page","disabled":true,"settings":{"show_page_title":true,"full_width":false}},"image_with_text_overlay_Y4pMjK":{"type":"image-with-text-overlay","blocks":{"subheading_MniXhR":{"type":"subheading","settings":{"subheading":"FIT2RUN FLORIDA"}},"heading_b6fbYV":{"type":"heading","settings":{"title":"NAPLES","heading_max_width":15,"title_size":84,"title_size_mobile":32,"use_h1":false}}},"block_order":["subheading_MniXhR","heading_b6fbYV"],"custom_css":[".text-overlay__text {color: #171717;}"],"settings":{"image":"shopify:\/\/shop_images\/white.png","height":"fixed","height_desktop":200,"height_mobile":160,"image_link":"","full_width":true,"text_alignment":"center center","mobile_overlay_under":false,"overlay_style":"no_background"}},"scrolling_banner_cyrRFn":{"type":"scrolling-banner","blocks":{"text_Wz9yfK":{"type":"text","settings":{"text":"RUN CLUB WEDNESDAYS @ 6:00  PM","color":"#f7f7f8","link":"","use_h1":false,"stencil_all_text":false,"stencil_text":""}}},"block_order":["text_Wz9yfK"],"settings":{"full_width":true,"color_scheme":"2","text_size":16,"vertical_padding":14,"speed":26,"direction":"left","font":"heading","space":90}},"map_4Xbeqk":{"type":"map","custom_css":["p {margin-bottom: 4px;}"],"settings":{"full_width":true,"color_scheme":"default","heading":"","address":"<h4>STORE HOURS:<\/h4><p>Monday: 11 AM - 7 PM<\/p><p>Tuesday: 11 AM - 7 PM<\/p><p>Wednesday: 11 AM - 7 PM<\/p><p>Thursday: 11 AM - 7 PM<\/p><p>Friday: 11 AM - 8 PM<\/p><p>Saturday: 11 AM - 8 PM<\/p><p>Sunday: 12 PM - 6 PM<\/p><h4>STORE PHONE #:<\/h4><h6>(239) 263-3811<\/h6><h4>ADDRESS:<\/h4><h6>1810 TAMIAMI TR N, NAPLES, FL 34102<\/h6>","button":"Directions","show_pin":true,"show_feature_image":false,"map_address":"1810 Tamiami Trail N Naples, 34102","api_key":"AIzaSyBXyIvH_A_lizFVtY8oXsx0Jg75whMenEI","map_type":"dynamic","map_style":"retro"}},"custom_content_D4UyGD":{"type":"custom-content","settings":{"alignment":"middle"}},"scrolling_banner_pE3wP7":{"type":"scrolling-banner","blocks":{"image_MyPiec":{"type":"image","settings":{"image":"shopify:\/\/shop_images\/Untitled-5.jpg","image_width":90,"link":"shopify:\/\/pages\/on-brand-page"}},"image_AYYycA":{"type":"image","settings":{"image":"shopify:\/\/shop_images\/Hoka_Logo.png","image_width":130,"link":"shopify:\/\/pages\/hoka-brand-page"}},"image_8PdPQf":{"type":"image","settings":{"image":"shopify:\/\/shop_images\/Asics_Logo.png","image_width":145,"link":"shopify:\/\/pages\/asics-brand-page"}},"image_w6m6Mf":{"type":"image","settings":{"image":"shopify:\/\/shop_images\/Brooks_Logo.png","image_width":220,"link":"shopify:\/\/pages\/brooks-brand-page"}}},"block_order":["image_MyPiec","image_AYYycA","image_8PdPQf","image_w6m6Mf"],"settings":{"full_width":true,"color_scheme":"default","text_size":50,"vertical_padding":7,"speed":26.5,"direction":"left","font":"heading","space":85}},"testimonials_M8crif":{"type":"testimonials","blocks":{"testimonial_EiFMfy":{"type":"testimonial","settings":{"star_rating":5,"testimonial":"This is THE place to buy the finest running gear anywhere on the Planet.","author":"BOB D.","image_caption":"","link":""}},"testimonial_H9G6yh":{"type":"testimonial","settings":{"star_rating":5,"testimonial":"I truly appreciate all your help in helping me find a shoe that actually fit my difficult foot!","author":"EMINA R.","image":"shopify:\/\/shop_images\/Untitled-1.png","image_caption":"","link":""}},"testimonial_ewcjMU":{"type":"testimonial","settings":{"star_rating":5,"testimonial":"I got the club membership because I will definitely be back for all of my shoes!","author":"LUCY K.","image_caption":"","link":""}}},"block_order":["testimonial_EiFMfy","testimonial_H9G6yh","testimonial_ewcjMU"],"settings":{"title":"Customer reviews","layout":"no-image","text_caps":false,"quote_text_size":25,"quote_text_size_mobile":20,"image_shape":"square","color_scheme":"default","autoplay":true,"autoplay_speed":5}},"rich_text_W9naHT":{"type":"rich-text","blocks":{"heading_VM9mPL":{"type":"heading","settings":{"title":"ABOUT NAPLES","use_h1":false}},"text_ywVjhB":{"type":"text","settings":{"use_metadata":false,"text":"<p>When you shop at the Fit2Run Naples store in the conveniently located Coastland Center in midtown Naples, you'll enjoy the convenience of plenty of free parking as well as the outstanding inventory, service and selection we have built our brand on.<\/p><p>We offer all the top brands of running shoes here, like ASICS, Brooks Running, Hoka, and On Running. For pampering your tired body after that big race or lengthy workout, slip on a pair of our OOFOS recovery sandals. They're also great for leisurely strolls or shelling along Southwest Florida's sugar-sand beaches.<\/p><p>As our name implies, we will go the extra mile to ensure your footwear will fit you right. Our complimentary videotaped gait analysis will help make certain you get just the right shoes to fit your foot type and style of running or walking. Our Albert 2 system identifies your foot type, pressure points and shoe size and then recommends the ideal orthotics and footwear based on your specific results. We know fit, and we have the tech to back that up.<\/p><p>If you want to get even more out of our store, consider <a href=\"https:\/\/www.fit2run.com\/club-membership\">joining Club Fit2Run<\/a>. As a member, you will be entitled to VIP access to special events, sneak previews of new products and services and up to a 30-day wear-test guarantee on all running footwear. In addition, you will qualify for a 10% discount on qualifying purchases online or in our store, free shipping of online orders of $29.99 or more and special sales for club members only.<\/p>","enlarge_text":false}}},"block_order":["heading_VM9mPL","text_ywVjhB"],"settings":{"height":"medium","text_alignment":"center","full_width":false,"color_scheme":"default"}}},"order":["main","image_with_text_overlay_Y4pMjK","scrolling_banner_cyrRFn","map_4Xbeqk","custom_content_D4UyGD","scrolling_banner_pE3wP7","testimonials_M8crif","rich_text_W9naHT"]}