{"sections":{"main":{"type":"main-page","disabled":true,"settings":{"show_page_title":true,"full_width":false}},"image_with_text_overlay_GbAhkr":{"type":"image-with-text-overlay","blocks":{"heading_Ajq8f3":{"type":"heading","settings":{"title":"PEP & BB","heading_max_width":17,"title_size":150,"title_size_mobile":62,"use_h1":false}},"subheading_YTKWwA":{"type":"subheading","settings":{"subheading":"APPAREL"}},"button_rz4jFM":{"type":"button","settings":{"button_label":"SHOP ALL","button_link":"shopify:\/\/collections\/shop-all-pep-bb","button_style":"link"}}},"block_order":["heading_Ajq8f3","subheading_YTKWwA","button_rz4jFM"],"settings":{"image":"shopify:\/\/shop_images\/PEP_BB_BANNER.png","height":"fixed","height_desktop":380,"height_mobile":460,"image_link":"","full_width":true,"text_alignment":"center center","mobile_overlay_under":false,"overlay_style":"shadow"}},"scrolling_banner_K7j79w":{"type":"scrolling-banner","blocks":{"image_cUxN8F":{"type":"image","settings":{"image":"shopify:\/\/shop_images\/F2R_X_PEP_BB.png","image_width":260,"link":""}}},"block_order":["image_cUxN8F"],"settings":{"full_width":true,"color_scheme":"2","text_size":16,"vertical_padding":9,"speed":35,"direction":"left","font":"heading","space":100}},"image_with_text_Qt3Wji":{"type":"image-with-text","blocks":{"text_NhLYXd":{"type":"text","settings":{"text":"<h4>NAMED AFTER PARKS’ MOTHER PEGGY ROBINSON, AFFECTIONATELY KNOWN AS “PEP”, AND PARKS’ FATHER BIG BILL “BB” <\/h4><p>Pep & BB is more than just apparel - it’s a tribute to family, resilience, and the indomitable spirit of runners. Every piece of Pep & BB apparel is a reflection of strength, love, and the joy found in both the run and the everyday moments.<\/p>","enlarge_text":false}}},"block_order":["text_NhLYXd"],"settings":{"image":"shopify:\/\/shop_images\/Pep_BB_Story1.png","image_2":"shopify:\/\/shop_images\/Pep_BB_Story2.png","image_width":700,"image_link":"","image_position":"left","text_alignment":"left","color_scheme":"default"}},"custom_content_tgQ66e":{"type":"custom-content","blocks":{"text_fVf7EB":{"type":"text","settings":{"width":"third","subheading":"","title":"TANK TOPS","text":"","button_label":"EXPLORE MORE","button_link":"shopify:\/\/collections\/pep-bb-tank-tops","button_style":"link","text_alignment":"center"}},"text_gdqLMF":{"type":"text","settings":{"width":"third","subheading":"","title":"T-SHIRTS","text":"","button_label":"EXPLORE MORE","button_link":"shopify:\/\/collections\/pep-bb-t-shirts","button_style":"link","text_alignment":"center"}},"text_Q6GV94":{"type":"text","settings":{"width":"third","subheading":"","title":"LONGSLEEVES","text":"","button_label":"EXPLORE MORE","button_link":"shopify:\/\/collections\/pep-bb-longsleeves","button_style":"link","text_alignment":"center"}}},"block_order":["text_fVf7EB","text_gdqLMF","text_Q6GV94"],"settings":{"alignment":"middle"}},"hotspots_MDG7wa":{"type":"hotspots","blocks":{"hotspot_AjNPB7":{"type":"hotspot","settings":{"hotspot_x":35,"hotspot_y":45,"hotspot_x_mobile":28,"hotspot_y_mobile":38,"heading":"TANK TOP","text":"<p>Pep & BB Apparel reflects the spirit of the always-on-the-move lifestyle. Designed for the on-the-go woman, Pep & BB puts the fun in functionality, enabling you to seamlessly transition from one activity to the next while keeping you comfortable and stylish.<\/p>","icon":"","icon_width":32}},"hotspot_gzEcGB":{"type":"hotspot","settings":{"hotspot_x":65,"hotspot_y":77,"hotspot_x_mobile":60,"hotspot_y_mobile":23,"heading":"TANK TOP","text":"<p>Get ready to shine with our popular cropped tank, made with soft cotton and poly-viscose blend, this women's racerback flowy tank top is a flattering draped silhouette, round neck and racerback.<\/p>","icon":"","icon_width":32}}},"block_order":["hotspot_AjNPB7","hotspot_gzEcGB"],"settings":{"image":"shopify:\/\/shop_images\/PEP_BB_Hotspots.png","hotspot_color":"#ffffff","button_content":"plus","outer_circle":"pulse","full_width":true,"text_alignment":"top left","overlay_style":"shadow","subheading":"","title":"","use_h1":false,"heading_max_width":10,"text":"","button_1_label":"","button_1_link":"","button_1_style":"secondary","button_2_label":"","button_2_link":"","button_2_style":"primary"}},"rich_text_pBPemX":{"type":"rich-text","blocks":{"text_JbyVdT":{"type":"text","settings":{"use_metadata":false,"text":"<h4>Crafted with the active and busy woman in mind,<\/h4><p>Pep & BB apparel is made to do it all, and to make you feel confident taking on whatever life throws your way. Pep & BB emerged as a testament to resilience after the passing of Bill Robinson, the beloved founder of Fit2Run, and the challenges posed by the COVID-19 pandemic.<\/p><p>Pep & BB became a beacon of hope and inspiration and was introduced as another Fit2Run, in-house brand.<\/p>","enlarge_text":false}}},"block_order":["text_JbyVdT"],"settings":{"height":"small","text_alignment":"center","full_width":false,"color_scheme":"default"}},"rich_text_tLEBGB":{"type":"rich-text","settings":{"height":"small","text_alignment":"center","full_width":false,"color_scheme":"default"}},"scrolling_banner_j6QND6":{"type":"scrolling-banner","blocks":{"text_GjMP7D":{"type":"text","settings":{"text":"SALE","color":"rgba(0,0,0,0)","link":"","use_h1":false,"stencil_all_text":false,"stencil_text":""}}},"block_order":["text_GjMP7D"],"disabled":true,"settings":{"full_width":true,"color_scheme":"2","text_size":20,"vertical_padding":19,"speed":37,"direction":"right","font":"heading","space":80}},"product_list_FtktVd":{"type":"product-list","disabled":true,"settings":{"title":"SALE","product_list":[],"show_vendor":false,"enable_carousel":true,"grid":4,"color_scheme":"default","full_width":true}},"scrolling_banner_YRM6J3":{"type":"scrolling-banner","blocks":{"text_rJkQGp":{"type":"text","settings":{"text":"SALE","color":"rgba(0,0,0,0)","link":"","use_h1":false,"stencil_all_text":false,"stencil_text":""}}},"block_order":["text_rJkQGp"],"disabled":true,"settings":{"full_width":true,"color_scheme":"2","text_size":20,"vertical_padding":19,"speed":37,"direction":"left","font":"heading","space":80}},"custom_content_haCDxV":{"type":"custom-content","settings":{"alignment":"middle"}}},"order":["main","image_with_text_overlay_GbAhkr","scrolling_banner_K7j79w","image_with_text_Qt3Wji","custom_content_tgQ66e","hotspots_MDG7wa","rich_text_pBPemX","rich_text_tLEBGB","scrolling_banner_j6QND6","product_list_FtktVd","scrolling_banner_YRM6J3","custom_content_haCDxV"]}