{"sections":{"main":{"type":"main-page","disabled":true,"settings":{"show_page_title":true,"full_width":false}},"image_with_text_overlay_Y4pMjK":{"type":"image-with-text-overlay","blocks":{"subheading_MniXhR":{"type":"subheading","settings":{"subheading":"FIT2RUN FLORIDA"}},"heading_b6fbYV":{"type":"heading","settings":{"title":"KEY WEST","heading_max_width":15,"title_size":84,"title_size_mobile":32,"use_h1":false}}},"block_order":["subheading_MniXhR","heading_b6fbYV"],"custom_css":[".text-overlay__text {color: #171717;}"],"settings":{"image":"shopify:\/\/shop_images\/white.png","height":"fixed","height_desktop":200,"height_mobile":160,"image_link":"","full_width":true,"text_alignment":"center center","mobile_overlay_under":false,"overlay_style":"no_background"}},"scrolling_banner_cyrRFn":{"type":"scrolling-banner","blocks":{"text_Wz9yfK":{"type":"text","settings":{"text":"RUN CLUB THURSDAYS @ 5:30 PM","color":"#f7f7f8","link":"","use_h1":false,"stencil_all_text":false,"stencil_text":""}}},"block_order":["text_Wz9yfK"],"settings":{"full_width":true,"color_scheme":"2","text_size":16,"vertical_padding":14,"speed":26,"direction":"left","font":"heading","space":90}},"map_4Xbeqk":{"type":"map","custom_css":["p {margin-bottom: 4px;}"],"settings":{"full_width":true,"color_scheme":"default","heading":"","address":"<h4>STORE HOURS:<\/h4><p>Monday: 10 AM - 9 PM<\/p><p>Tuesday: 10 AM - 9 PM<\/p><p>Wednesday: 10 AM - 9 PM<\/p><p>Thursday: 10 AM - 9 PM<\/p><p>Friday: 9 AM - 10 PM<\/p><p>Saturday: 9 AM - 10 PM<\/p><p>Sunday: 12 PM - 8 PM<\/p><h4>STORE PHONE #:<\/h4><h6>(786) 490-4116<\/h6><h4>ADDRESS:<\/h4><h6>211 DUVAL ST UNIT B, KEY WEST, FL 33040<\/h6>","button":"Directions","show_pin":true,"show_feature_image":false,"map_address":"211 Duval Street Unit B Key West, 33040","api_key":"AIzaSyBXyIvH_A_lizFVtY8oXsx0Jg75whMenEI","map_type":"dynamic","map_style":"retro"}},"custom_content_D4UyGD":{"type":"custom-content","settings":{"alignment":"middle"}},"scrolling_banner_pE3wP7":{"type":"scrolling-banner","blocks":{"image_MyPiec":{"type":"image","settings":{"image":"shopify:\/\/shop_images\/Untitled-5.jpg","image_width":90,"link":"shopify:\/\/pages\/on-brand-page"}},"image_AYYycA":{"type":"image","settings":{"image":"shopify:\/\/shop_images\/Hoka_Logo.png","image_width":130,"link":"shopify:\/\/pages\/hoka-brand-page"}},"image_8PdPQf":{"type":"image","settings":{"image":"shopify:\/\/shop_images\/Asics_Logo.png","image_width":145,"link":"shopify:\/\/pages\/asics-brand-page"}},"image_w6m6Mf":{"type":"image","settings":{"image":"shopify:\/\/shop_images\/Brooks_Logo.png","image_width":220,"link":"shopify:\/\/pages\/brooks-brand-page"}}},"block_order":["image_MyPiec","image_AYYycA","image_8PdPQf","image_w6m6Mf"],"settings":{"full_width":true,"color_scheme":"default","text_size":50,"vertical_padding":7,"speed":26.5,"direction":"left","font":"heading","space":85}},"testimonials_M8crif":{"type":"testimonials","blocks":{"testimonial_EiFMfy":{"type":"testimonial","settings":{"star_rating":5,"testimonial":"Excellent customer service. Well stocked great addition to Duvall St.","author":"EMME L.","image":"shopify:\/\/shop_images\/Key_West_1.png","image_caption":"","link":""}},"testimonial_H9G6yh":{"type":"testimonial","settings":{"star_rating":5,"testimonial":"My girlfriend and I had amazing experience here! The associate was so helpful helping me pick out the right shoes for me. Ended up going with the Hokas they felt so good on my feet and helped with the pain, and he probably fitted me for my Insults. Will definitely be getting more shoes from them they have a great selection in store!","author":"Kyle S.","image":"shopify:\/\/shop_images\/Key_West_2.png","image_caption":"","link":""}},"testimonial_jwfqtp":{"type":"testimonial","settings":{"star_rating":5,"testimonial":"The associates at Fit2Run Key West are amazing. This is a must stop on Duval Street for all especially if your a runner.","author":"ERIC E.","image":"shopify:\/\/shop_images\/Key_West_3.png","image_caption":"","link":""}}},"block_order":["testimonial_EiFMfy","testimonial_H9G6yh","testimonial_jwfqtp"],"settings":{"title":"Customer reviews","layout":"image-right","text_caps":false,"quote_text_size":25,"quote_text_size_mobile":20,"image_shape":"square","color_scheme":"default","autoplay":true,"autoplay_speed":5}},"rich_text_W9naHT":{"type":"rich-text","blocks":{"heading_VM9mPL":{"type":"heading","settings":{"title":"ABOUT KEY WEST","use_h1":false}},"text_ywVjhB":{"type":"text","settings":{"use_metadata":false,"text":"<p>If you are looking for a one-stop running store, Fit2Run Key West should be top on your list. Whether you live here year-round, seasonally or are just visiting, Florida is an ideal place for runners and athletes. A warm climate through all the seasons makes it the perfect place to train.<\/p><p>Located conveniently on the famous Duval Street in Key West, a hub for premier entertainment, dining, and shopping destinations, the Fit2Run running store is a destination in itself. It's also a great place to visit if you happen to be shopping or relaxing at one of Duval streets specialty shops, restaurants, or bars.<\/p><p>We carry all the best brands of running shoes here for men and women. Brooks Running, ASICS, Hoka, and On are just a few of the top brands we represent. You can also choose among several styles of OOFOS recovery sandals here. <\/p><p>If you're looking to get even more out of your visits to our store, consider <a href=\"https:\/\/www.fit2run.com\/on\/demandware.store\/Sites-fit2run-Site\/en_US\/Rewards-Show\"><span style=\"text-decoration:underline\">joining Club Fit2Run<\/span><\/a>. For a nominal annual fee, you'll enjoy great benefits. These include 10% discounts on most store or online purchases, a 30-day wear-test guarantee on all running footwear, VIP access to special events and sneak previews of exciting new products and services.<\/p><p><\/p>","enlarge_text":false}}},"block_order":["heading_VM9mPL","text_ywVjhB"],"settings":{"height":"medium","text_alignment":"center","full_width":false,"color_scheme":"default"}}},"order":["main","image_with_text_overlay_Y4pMjK","scrolling_banner_cyrRFn","map_4Xbeqk","custom_content_D4UyGD","scrolling_banner_pE3wP7","testimonials_M8crif","rich_text_W9naHT"]}