{"sections":{"main":{"type":"main-page","disabled":true,"settings":{"show_page_title":true,"full_width":false}},"background_video_ig9YKP":{"type":"background-video","blocks":{"heading_CjzAtB":{"type":"heading","settings":{"title":"BRAND PAGE","heading_max_width":17,"title_size":150,"title_size_mobile":100,"use_h1":false}},"subheading_PdEFQa":{"type":"subheading","settings":{"subheading":"DEPARTMENT & DEPARTMENT & DEPARTMENT"}}},"block_order":["heading_CjzAtB","subheading_PdEFQa"],"settings":{"video_shopify":"shopify:\/\/files\/videos\/AW24_CELEBRATION-OF-SPORT_Social-Video_RACING_NOOSA_LEO_HERO_16x9_CLEAN.mp4","video_external":"https:\/\/www.youtube.com\/watch?v=_9VUPq3SxOc","video_description":"","text_alignment":"center center","height_desktop":380,"height_mobile":340,"full_width":true,"overlay_style":"full image-overlay--bg-shadow"}},"scrolling_banner_K7j79w":{"type":"scrolling-banner","blocks":{"image_cUxN8F":{"type":"image","settings":{"image":"shopify:\/\/shop_images\/f2r_x_asics.png","image_width":175,"link":""}}},"block_order":["image_cUxN8F"],"settings":{"full_width":true,"color_scheme":"2","text_size":16,"vertical_padding":9,"speed":35,"direction":"left","font":"heading","space":80}},"custom_content_tgQ66e":{"type":"custom-content","blocks":{"text_Xdp3n9":{"type":"text","settings":{"width":"half","subheading":"","title":"FOOTWEAR","text":"","button_label":"EXPLORE MORE","button_link":"","button_style":"link","text_alignment":"center"}},"text_fVf7EB":{"type":"text","settings":{"width":"half","subheading":"","title":"APPAREL","text":"","button_label":"EXPLORE MORE","button_link":"","button_style":"link","text_alignment":"center"}}},"block_order":["text_Xdp3n9","text_fVf7EB"],"settings":{"alignment":"middle"}},"collection_list_NEUArE":{"type":"collection-list","blocks":{"collection_h33NHa":{"type":"collection","settings":{"collection":"","subheading":"","button_label":""}},"collection_i4QUyM":{"type":"collection","settings":{"collection":"","subheading":"","button_label":""}},"collection_LULcQ7":{"type":"collection","settings":{"collection":"","subheading":"","button_label":""}},"collection_L48HUj":{"type":"collection","settings":{"collection":"","subheading":"","button_label":""}}},"block_order":["collection_h33NHa","collection_i4QUyM","collection_LULcQ7","collection_L48HUj"],"settings":{"title":"MEANT FOR...","enable_carousel":true,"grid":4,"color_scheme":"default","full_width":true,"coll_grid_image_shape":"square","coll_grid_image_position":"center center","coll_thumb_mob_per_row":"1","coll_grid_show_count":true,"coll_text_position":"below","coll_text_position_under_mobile":true,"coll_thumb_text_align_x":"center","coll_thumb_text_align_y":"center","coll_button_style":"primary"}}},"order":["main","background_video_ig9YKP","scrolling_banner_K7j79w","custom_content_tgQ66e","collection_list_NEUArE"]}