{"sections":{"main":{"type":"main-page","disabled":true,"settings":{"show_page_title":true,"full_width":false}},"172166018671b4f568":{"type":"apps","blocks":{"yotpo_loyalty_rewards_rewards_module_app_block_Wm8bBA":{"type":"shopify:\/\/apps\/yotpo-loyalty-rewards\/blocks\/rewards-module-app-block\/2f9660df-5018-4e02-9868-ee1fb88d6ccd","disabled":true,"settings":{"instance_placeholder_id":"802219"}}},"block_order":["yotpo_loyalty_rewards_rewards_module_app_block_Wm8bBA"],"disabled":true,"settings":{"full_width":false,"show_space":true}},"image_with_text_overlay_4CYKNU":{"type":"image-with-text-overlay","blocks":{"heading_7PM3yM":{"type":"heading","settings":{"title":"F2R REWARDS","heading_max_width":15,"title_size":84,"title_size_mobile":32,"use_h1":false}},"subheading_AD4yFR":{"type":"subheading","settings":{"subheading":"Become a Fit2Run Club Member and earn points and access to rewards every time you shop."}},"button_Vtdt8P":{"type":"button","settings":{"button_label":"JOIN THE CLUB","button_link":"https:\/\/www.fit2run.com\/products\/club-membership?_pos=1&_sid=0b8ac8de6&_ss=r","button_style":"secondary-white"}},"button_t6knPK":{"type":"button","settings":{"button_label":"SIGN IN","button_link":"https:\/\/www.fit2run.com\/account\/login","button_style":"secondary-white"}}},"block_order":["heading_7PM3yM","subheading_AD4yFR","button_Vtdt8P","button_t6knPK"],"settings":{"image":"shopify:\/\/shop_images\/F2R_Club_Banner_aed4f090-e4fb-4415-8259-cbb61b150568.png","mobile_image":"shopify:\/\/shop_images\/Homepage_Club_Callout_Mobile_bef0f797-e0e7-4038-92ed-5e8267770fbb.png","height":"adapt","height_desktop":440,"height_mobile":460,"image_link":"","full_width":true,"text_alignment":"bottom left","mobile_overlay_under":false,"overlay_style":"full image-overlay--bg-shadow"}},"image_with_text_overlay_XqQ4EU":{"type":"image-with-text-overlay","blocks":{"heading_4PgaaW":{"type":"heading","settings":{"title":"F2R REWARDS","heading_max_width":15,"title_size":84,"title_size_mobile":32,"use_h1":false}},"subheading_ygk8Jd":{"type":"subheading","settings":{"subheading":"Become a Fit2Run Club Member and earn points and access to rewards every time you shop."}},"button_mBztNe":{"type":"button","settings":{"button_label":"JOIN THE CLUB","button_link":"https:\/\/www.fit2run.com\/products\/club-membership?_pos=1&_sid=0b8ac8de6&_ss=r","button_style":"secondary-white"}},"button_M7PyDf":{"type":"button","settings":{"button_label":"SIGN IN","button_link":"","button_style":"secondary-white"}},"text_cfFHeD":{"type":"text","disabled":true,"settings":{"text":"<p>Promote your brand or products with this feature section<\/p>","enlarge_text":true}}},"block_order":["heading_4PgaaW","subheading_ygk8Jd","button_mBztNe","button_M7PyDf","text_cfFHeD"],"disabled":true,"settings":{"image":"shopify:\/\/shop_images\/F2R_Club_Banner_aed4f090-e4fb-4415-8259-cbb61b150568.png","mobile_image":"shopify:\/\/shop_images\/Homepage_Club_Callout_Mobile_bef0f797-e0e7-4038-92ed-5e8267770fbb.png","height":"adapt","height_desktop":440,"height_mobile":460,"image_link":"","full_width":true,"text_alignment":"bottom left","mobile_overlay_under":false,"overlay_style":"full image-overlay--bg-shadow"}},"scrolling_banner_k3azgD":{"type":"scrolling-banner","blocks":{"image_rjzbG3":{"type":"image","settings":{"image":"shopify:\/\/shop_images\/F2R_Rewards_Logo_White.png","image_width":35,"link":""}},"text_mdjzzM":{"type":"text","settings":{"text":"SAVE 10% ON FULL-PRICED ITEMS FOR JUST $30 A YEAR","color":"#ffffff","link":"","use_h1":false,"stencil_all_text":false,"stencil_text":""}}},"block_order":["image_rjzbG3","text_mdjzzM"],"settings":{"full_width":true,"color_scheme":"2","text_size":16,"vertical_padding":12,"speed":31.5,"direction":"left","font":"heading","space":40}},"rich_text_qjQJHg":{"type":"rich-text","blocks":{"text_FrmC6E":{"type":"text","settings":{"use_metadata":false,"text":"<h3><strong>HOW TO EARN POINTS WITH PURCHASES<\/strong><\/h3>","enlarge_text":true}},"text_yeTWz6":{"type":"text","settings":{"use_metadata":false,"text":"<p>SIMPLE! EARN POINTS FOR EACH DOLLAR YOU SPEND<\/p><h4>$1 = 2 POINTS<\/h4>","enlarge_text":true}}},"block_order":["text_FrmC6E","text_yeTWz6"],"settings":{"height":"medium","text_alignment":"center","full_width":false,"color_scheme":"default"}},"slideshow_8hyEDj":{"type":"slideshow","blocks":{"image_ErEd48":{"type":"image","settings":{"image":"shopify:\/\/shop_images\/F2R_Club_Page_Point_Redemption_D_copy_b09f8d01-9b44-4def-b053-a6d437c804ea.png","mobile_image":"shopify:\/\/shop_images\/F2R_Club_Page_Point_Redemption_M_43193686-6322-416e-9c13-8c1384d387f5.png","slide_link":"","subheading":"","title":"","heading_max_width":15,"title_size":84,"title_size_mobile":46,"use_h1":false,"text":"","enlarge_text":true,"button_label_1":"","button_url_1":"","button_label_2":"","button_url_2":"","text_alignment":"center center"}}},"block_order":["image_ErEd48"],"settings":{"height":"adapt","height_desktop":620,"height_mobile":320,"full_width":true,"mobile_overlay_under":true,"overlay_style":"no_background","transition":"fade","navigation":"none","autoplay":true,"autoplay_speed":20,"accessibility_info":"","button_style":"primary"}},"key_features_iKE8Mc":{"type":"key-features","blocks":{"feature_tkX863":{"type":"feature","settings":{"image":"shopify:\/\/shop_images\/F2R_Club_10_Off_6228d4a6-9e1c-4e38-889d-7f35da9bbf6f.png","bg_color":"#f7f7f8","bg_gradient":"","text_color":"#505050","heading":"","text":"<h5><strong>SAVE 10% ON REGULAR-PRICED MERCHANDISE<\/strong><\/h5>","show_segments":true,"segments":4,"active_segment":"1","fill_segments":true,"show_labels":true,"label_left":"","label_middle":"","label_right":"","show_icon":true,"icon":"dollar_sign","icon_image":"shopify:\/\/shop_images\/10_Off.svg"}},"feature_N9aJNp":{"type":"feature","settings":{"image":"shopify:\/\/shop_images\/F2R_Club_x2_Points.png","bg_color":"#e4e4e4","bg_gradient":"","text_color":"#505050","heading":"","text":"<h5><strong>X2 POINTS ON EVERY PURCHASE<\/strong><\/h5>","show_segments":true,"segments":4,"active_segment":"2","fill_segments":true,"show_labels":true,"label_left":"","label_middle":"","label_right":"","show_icon":true,"icon":"dollar_sign","icon_image":"shopify:\/\/shop_images\/X2_Points.svg"}},"feature_nzndhb":{"type":"feature","settings":{"image":"shopify:\/\/shop_images\/F2R_Club_Member_Events.png","bg_color":"#f7f7f8","bg_gradient":"","text_color":"#505050","heading":"","text":"<h5><strong>EXCLUSIVE ACCESS TO MEMBER-ONLY PROMOTIONS & EVENTS<\/strong><\/h5>","show_segments":true,"segments":4,"active_segment":"3","fill_segments":true,"show_labels":true,"label_left":"","label_middle":"","label_right":"","show_icon":true,"icon":"dollar_sign","icon_image":"shopify:\/\/shop_images\/Member-Only.svg"}},"feature_gEH6GD":{"type":"feature","settings":{"image":"shopify:\/\/shop_images\/F2R_Club_Footwear_Test.png","bg_color":"#e4e4e4","bg_gradient":"","text_color":"#505050","heading":"","text":"<h5><strong>30 DAY FOOTWEAR TEST<\/strong><\/h5>","show_segments":true,"segments":4,"active_segment":"4","fill_segments":true,"show_labels":true,"label_left":"","label_middle":"","label_right":"","show_icon":true,"icon":"dollar_sign","icon_image":"shopify:\/\/shop_images\/Footwear_Test.svg"}}},"block_order":["feature_tkX863","feature_N9aJNp","feature_nzndhb","feature_gEH6GD"],"settings":{"heading":"FIT2RUN CLUB MEMBERSHIP BENEFITS","image_max_width":700,"media_aspect_ratio":"1","image_position":"left","segment_position":"under-text"}},"scrolling_banner_nKwx8H":{"type":"scrolling-banner","blocks":{"image_CQcj44":{"type":"image","settings":{"image":"shopify:\/\/shop_images\/F2R_Rewards_Logo_White.png","image_width":35,"link":""}},"text_rGbUBV":{"type":"text","settings":{"text":"BONUS PERKS:","color":"#ffffff","link":"","use_h1":false,"stencil_all_text":false,"stencil_text":""}},"text_MH3wdX":{"type":"text","settings":{"text":"FREE SHIPPING ON ORDERS OF $75 OR MORE","color":"rgba(0,0,0,0)","link":"","use_h1":false,"stencil_all_text":false,"stencil_text":""}},"text_EiQRG8":{"type":"text","settings":{"text":"•","color":"rgba(0,0,0,0)","link":"","use_h1":false,"stencil_all_text":false,"stencil_text":""}},"text_e8QDaK":{"type":"text","settings":{"text":"RECIEVE A $10 REWARD ON YOUR BIRTHDAY","color":"rgba(0,0,0,0)","link":"","use_h1":false,"stencil_all_text":false,"stencil_text":""}},"text_TyPgVe":{"type":"text","settings":{"text":"•","color":"rgba(0,0,0,0)","link":"","use_h1":false,"stencil_all_text":false,"stencil_text":""}},"text_LgbNTG":{"type":"text","settings":{"text":"EARN 50 POINTS UPON JOINING THE CLUB","color":"rgba(0,0,0,0)","link":"","use_h1":false,"stencil_all_text":false,"stencil_text":""}},"text_7TpfpL":{"type":"text","settings":{"text":"•","color":"rgba(0,0,0,0)","link":"","use_h1":false,"stencil_all_text":false,"stencil_text":""}},"text_xxUaaa":{"type":"text","settings":{"text":"ACCESS TO EXCLUSIVE CUSTOMER SERVICE LINE","color":"rgba(0,0,0,0)","link":"","use_h1":false,"stencil_all_text":false,"stencil_text":""}}},"block_order":["image_CQcj44","text_rGbUBV","text_MH3wdX","text_EiQRG8","text_e8QDaK","text_TyPgVe","text_LgbNTG","text_7TpfpL","text_xxUaaa"],"settings":{"full_width":true,"color_scheme":"2","text_size":16,"vertical_padding":12,"speed":15.5,"direction":"left","font":"heading","space":20}},"rich_text_WCFUVG":{"type":"rich-text","blocks":{"text_pzaBMV":{"type":"text","settings":{"use_metadata":false,"text":"<h3>START EARNING REWARDS TODAY<\/h3>","enlarge_text":true}},"button_Kgj7VE":{"type":"button","settings":{"button_label":"JOIN THE CLUB","button_link":"https:\/\/www.fit2run.com\/products\/club-membership?_pos=1&_sid=0b8ac8de6&_ss=r","button_style":"primary-black"}}},"block_order":["text_pzaBMV","button_Kgj7VE"],"settings":{"height":"medium","text_alignment":"center","full_width":false,"color_scheme":"default"}},"rich_text_aMXLET":{"type":"rich-text","blocks":{"subheading_ExjYaK":{"type":"subheading","settings":{"subheading":"HOW TO REDEEM YOUR REWARDS"}},"text_rDiDfk":{"type":"text","settings":{"use_metadata":false,"text":"<p><strong>ONLINE:<\/strong><\/p><ol><li>Log in to your account using the email address associated with your membership.<\/li><li>Add the desired items to your cart.<\/li><li>At checkout, if rewards are available, you will see a dropdown where you can select them to apply.<\/li><\/ol><p><strong>IN-STORE:<\/strong><\/p><ol><li>Provide your email address or phone number linked to your account to the store associate.<\/li><li>They will access your rewards at the register, and you can apply them to your purchase.<\/li><\/ol>","enlarge_text":false}}},"block_order":["subheading_ExjYaK","text_rDiDfk"],"settings":{"height":"medium","text_alignment":"left","full_width":false,"color_scheme":"2"}},"collapsible_tabs_PJttLf":{"type":"collapsible-tabs","blocks":{"question_tkiiWU":{"type":"question","settings":{"title":"HOW DO I JOIN ?","answer":"<p><em>Our Club Membership is a paid membership! Simply purchase it online at Fit2Run.com or in your nearest Fit2Run retail location.<\/em><\/p>"}},"question_NbjrJD":{"type":"question","settings":{"title":"HOW LONG WILL I BE A CLUB MEMBER AFTER JOINING ?","answer":"<p><em>Club Memberships expire 365 days after purchasing. You will need to re-purchase the Club Membership at this time to remain a Club Member. Club Member Points expire 365 days after earning.<\/em><\/p>"}},"question_p68xKM":{"type":"question","settings":{"title":"HOW DO I REDEEM MY REWARDS ?","answer":"<p><em>You can redeem your rewards online or in-store.<\/em><\/p><p><em>Online, be sure to log in to your account with the email address that was used to purchase your membership, add items to cart, and once at checkout you will see a dropdown to select your reward if any are available.<\/em><\/p><p><em>In-store, provide a store associate with your email address or phone number associated with your account and they can pull up the details at the register.<\/em><\/p>"}},"question_DXQDiC":{"type":"question","settings":{"title":"HOW DO I CHECK MY AVAILABLE REWARDS ?","answer":"<p><em>You can check your available rewards online or in-store.<\/em><\/p><p><em>Online, be sure to log in to your account with the email address that was used to purchase your membership, go to your account page, and you will be able to see available rewards.<\/em><\/p><p><em>In-store, provide a store associate with your email address or phone number associated with your account and they can pull up the details at the register.<\/em><\/p>"}},"question_TLp8zK":{"type":"question","settings":{"title":"CAN I STACK MY REWARDS ?","answer":"<p><em>You can only use one reward per transaction.<\/em><\/p>"}}},"block_order":["question_tkiiWU","question_NbjrJD","question_p68xKM","question_DXQDiC","question_TLp8zK"],"custom_css":["h3 {text-align: center;}","h3 {font-size: 25px;"],"settings":{"title":"FAQ"}},"rich_text_8BhYyj":{"type":"rich-text","blocks":{"text_GDyPnr":{"type":"text","settings":{"use_metadata":false,"text":"<h5>STILL ON THE RUN FOR ANSWERS?<\/h5>","enlarge_text":true}},"button_KUX6UR":{"type":"button","settings":{"button_label":"CONTACT US","button_link":"https:\/\/www.fit2run.com\/pages\/contact","button_style":"primary-black"}}},"block_order":["text_GDyPnr","button_KUX6UR"],"settings":{"height":"medium","text_alignment":"center","full_width":false,"color_scheme":"default"}}},"order":["main","172166018671b4f568","image_with_text_overlay_4CYKNU","image_with_text_overlay_XqQ4EU","scrolling_banner_k3azgD","rich_text_qjQJHg","slideshow_8hyEDj","key_features_iKE8Mc","scrolling_banner_nKwx8H","rich_text_WCFUVG","rich_text_aMXLET","collapsible_tabs_PJttLf","rich_text_8BhYyj"]}