{"sections":{"main":{"type":"main-page","disabled":true,"settings":{"show_page_title":true,"full_width":true}},"logo_list_8d36gR":{"type":"logo-list","blocks":{"logo_JMAWU6":{"type":"logo","settings":{"image":"shopify:\/\/shop_images\/Artboard_4_4726e19f-ca16-45e9-98ec-466e2687effc.svg","image_width":280,"link":"shopify:\/\/pages\/asics-brand-page","title":""}},"logo_KrgB86":{"type":"logo","settings":{"image":"shopify:\/\/shop_images\/Artboard_2_2c9f8835-5ef6-49d0-99c9-1ee324c10d7d.svg","image_width":150,"link":"shopify:\/\/pages\/hoka-brand-page","title":""}},"logo_DWXE4X":{"type":"logo","settings":{"image":"shopify:\/\/shop_images\/Artboard_3_14ebc3fa-8ee1-46fa-bd78-daffeaa33afe.svg","image_width":280,"link":"shopify:\/\/pages\/brooks-brand-page","title":""}},"logo_GbHLrq":{"type":"logo","settings":{"image":"shopify:\/\/shop_images\/Artboard_1_2fab7be5-3031-41ab-ba03-d4c8ae2ecd0a.svg","image_width":120,"link":"shopify:\/\/pages\/on-brand-page","title":""}}},"block_order":["logo_JMAWU6","logo_KrgB86","logo_DWXE4X","logo_GbHLrq"],"custom_css":[".hometitle {font-weight: bold; font-size: 35px; margin-bottom: 35px;}"],"settings":{"title":"FEATURED BRANDS","image_opacity":100,"color_scheme":"default"}},"custom_content_cEMCdP":{"type":"custom-content","blocks":{"text_NERJgK":{"type":"text","settings":{"width":"quarter","subheading":"","title":"A","text":"<h5><a href=\"\/collections\/aetrex\" title=\"Aetrex\">AETREX<\/a><\/h5><h5><a href=\"\/collections\/alter-ego-running\" title=\"Alter Ego Running\">ALTER EGO RUNNING<\/a><\/h5><h5><a href=\"\/collections\/altra\" title=\"Altra\">ALTRA<\/a><\/h5><h5><a href=\"\/collections\/anetik\" title=\"Anetik\">ANETIK<\/a><\/h5><h5><a href=\"\/collections\/armpocket\" title=\"ArmPocket\">ARMPOCKET<\/a><\/h5><h5><a href=\"\/pages\/asics-brand-page\" title=\"ASICS Brand Page\">ASICS<\/a><\/h5>","button_label":"","button_link":"","button_style":"primary","text_alignment":"center"}},"text_jRaC74":{"type":"text","settings":{"width":"quarter","subheading":"","title":"B","text":"<h5><a href=\"\/collections\/balega\" title=\"Balega\">BALEGA<\/a><\/h5><h5><a href=\"\/collections\/bauerfeind\" title=\"Bauerfeind\">BAUERFEIND<\/a><\/h5><h5><a href=\"\/collections\/beach-riot\" title=\"Beach Riot\">BEACH RIOT<\/a><\/h5><h5><a href=\"\/collections\/beyond-yoga\" title=\"Beyond Yoga\">BEYOND YOGA<\/a><\/h5><h5><a href=\"\/collections\/bibboards\" title=\"BibBoards\">BIBBOARDS<\/a><\/h5><h5><a href=\"\/collections\/bic-bands\" title=\"BIC Bands\">BIC BANDS<\/a><\/h5><h5><a href=\"\/collections\/body-glide-1\" title=\"Body Glide\">BODY GLIDE<\/a><\/h5><h5><a href=\"\/pages\/brooks-brand-page\" title=\"Brooks Brand Page\">BROOKS<\/a><\/h5>","button_label":"","button_link":"","button_style":"primary","text_alignment":"center"}},"text_reMfe8":{"type":"text","settings":{"width":"quarter","subheading":"","title":"C","text":"<h5><a href=\"\/collections\/casio\" title=\"Casio\">CASIO<\/a><\/h5><h5><a href=\"\/collections\/cep\" title=\"CEP\">CEP<\/a><\/h5><h5><a href=\"\/collections\/chicknlegs\" title=\"ChicknLegs\">CHICKNLEGS<\/a><\/h5><h5><a href=\"\/collections\/ciele\" title=\"Ciele\">CIELE<\/a><\/h5><h5><a href=\"\/collections\/body-glide\" title=\"Clif\">CLIF<\/a><\/h5><h5><a href=\"\/collections\/corkcicle\" title=\"Corkcicle\">CORKCICLE<\/a><\/h5><h5><a href=\"\/collections\/coros\" title=\"Coros\">COROS<\/a><\/h5><h5><a href=\"\/collections\/costa\" title=\"Costa\">COSTA<\/a><\/h5><h5><a href=\"\/collections\/currex\" title=\"Currex\">CURREX<\/a><\/h5>","button_label":"","button_link":"","button_style":"primary","text_alignment":"center"}},"text_e438zA":{"type":"text","settings":{"width":"quarter","subheading":"","title":"D","text":"<h5><a href=\"\/collections\/diadora\" title=\"Diadora\">DIADORA<\/a><\/h5>","button_label":"","button_link":"","button_style":"primary","text_alignment":"center"}}},"block_order":["text_NERJgK","text_jRaC74","text_reMfe8","text_e438zA"],"custom_css":["h5{margin-top: 0px; margin-bottom: 10px; margin-right: 0px; margin-left: 0px;"],"settings":{"alignment":"top"}},"custom_content_PYg3wW":{"type":"custom-content","blocks":{"text_tUT9hc":{"type":"text","settings":{"width":"quarter","subheading":"","title":"E","text":"<h5><a href=\"\/collections\/enso\" title=\"Enso\">ENSO<\/a><\/h5>","button_label":"","button_link":"","button_style":"primary","text_alignment":"center"}},"text_BVdMnF":{"type":"text","settings":{"width":"quarter","subheading":"","title":"F","text":"<h5><a href=\"\/pages\/f2r-brand-page\" title=\"F2R Brand Page\">F2R<\/a><\/h5><h5><a href=\"\/collections\/falke\" title=\"Falke\">FALKE<\/a><\/h5><h5><a href=\"\/collections\/feetures\" title=\"Feetures\">FEETURES<\/a><\/h5><h5><a href=\"\/collections\/free-people-movement\" title=\"Free People Movement\">FREE PEOPLE MOVEMENT<\/a><\/h5>","button_label":"","button_link":"","button_style":"primary","text_alignment":"center"}},"text_V8xnMK":{"type":"text","settings":{"width":"quarter","subheading":"","title":"G","text":"<h5><a href=\"\/collections\/garmin\" title=\"Garmin\">GARMIN<\/a><\/h5><h5><a href=\"\/collections\/goodr\" title=\"goodr\">GOODR<\/a><\/h5><h5><a href=\"\/collections\/gu-1\" title=\"GU\">GU<\/a><\/h5>","button_label":"","button_link":"","button_style":"primary","text_alignment":"center"}},"text_yyNT9c":{"type":"text","settings":{"width":"quarter","subheading":"","title":"H","text":"<h5><a href=\"\/collections\/harbinger\" title=\"Harbinger\">HARBINGER<\/a><\/h5><h5><a href=\"\/collections\/hidratespark\" title=\"HidrateSpark\">HIDRATESPARK<\/a><\/h5><h5><a href=\"\/pages\/hoka-brand-page\" title=\"HOKA Brand Page\">HOKA<\/a><\/h5><h5><a href=\"\/collections\/honey-stinger\" title=\"Honey Stinger\">HONEY STINGER<\/a><\/h5><h5><a href=\"\/collections\/hyperice\" title=\"Hyperice\">HYPERICE<\/a><\/h5>","button_label":"","button_link":"","button_style":"primary","text_alignment":"center"}}},"block_order":["text_tUT9hc","text_BVdMnF","text_V8xnMK","text_yyNT9c"],"custom_css":["h5{margin-top: 0px; margin-bottom: 10px; margin-right: 0px; margin-left: 0px;"],"settings":{"alignment":"top"}},"custom_content_fe7BqK":{"type":"custom-content","blocks":{"text_PgpTXB":{"type":"text","settings":{"width":"quarter","subheading":"","title":"I","text":"<h5><a href=\"\/collections\/inov-8\" title=\"Inov-8\">INOV-8<\/a><\/h5>","button_label":"","button_link":"","button_style":"primary","text_alignment":"center"}},"text_TfVknA":{"type":"text","settings":{"width":"quarter","subheading":"","title":"J","text":"<h5><a href=\"\/collections\/janji\" title=\"Janji\">JANJI<\/a><\/h5><h5><a href=\"\/collections\/johnnie-o\" title=\"Johnnie-O\">JOHNNIE-O<\/a><\/h5><h5><a href=\"\/collections\/junk\" title=\"JUNK\">JUNK<\/a><\/h5>","button_label":"","button_link":"","button_style":"primary","text_alignment":"center"}},"text_cHGhfU":{"type":"text","settings":{"width":"quarter","subheading":"","title":"K","text":"","button_label":"","button_link":"","button_style":"primary","text_alignment":"center"}},"text_izYwGT":{"type":"text","settings":{"width":"quarter","subheading":"","title":"L","text":"","button_label":"","button_link":"","button_style":"primary","text_alignment":"center"}}},"block_order":["text_PgpTXB","text_TfVknA","text_cHGhfU","text_izYwGT"],"custom_css":["h5{margin-top: 0px; margin-bottom: 10px; margin-right: 0px; margin-left: 0px;"],"settings":{"alignment":"top"}},"custom_content_9hJwmF":{"type":"custom-content","blocks":{"text_6hWGh3":{"type":"text","settings":{"width":"quarter","subheading":"","title":"M","text":"<h5><a href=\"\/collections\/maurten\" title=\"Maurten\">MAURTEN<\/a><\/h5><h5><a href=\"\/collections\/mizuno\" title=\"Mizuno\">MIZUNO<\/a><\/h5>","button_label":"","button_link":"","button_style":"primary","text_alignment":"center"}},"text_VM6izM":{"type":"text","settings":{"width":"quarter","subheading":"","title":"N","text":"<h5><a href=\"\/collections\/nathan\" title=\"Nathan\">NATHAN<\/a><\/h5><h5><a href=\"\/collections\/native\" title=\"Native\">NATIVE<\/a><\/h5><h5><a href=\"\/collections\/new-balance\" title=\"New Balance\">NEW BALANCE<\/a><\/h5><h5><a href=\"\/collections\/newton\" title=\"Newton\">NEWTON<\/a><\/h5><h5><a href=\"\/collections\/nike\" title=\"Nike\">NIKE<\/a><\/h5><h5><a href=\"\/collections\/normatec\" title=\"Normatec\">NORMATEC<\/a><\/h5><h5><a href=\"\/collections\/nuun\" title=\"NUUN\">NUUN<\/a><\/h5>","button_label":"","button_link":"","button_style":"primary","text_alignment":"center"}},"text_aEj9Jj":{"type":"text","settings":{"width":"quarter","subheading":"","title":"O","text":"<h5><a href=\"\/pages\/on-brand-page\" title=\"ON Brand Page\">ON<\/a><\/h5><h5><a href=\"\/collections\/oofos\" title=\"Oofos\">OOFOS<\/a><\/h5>","button_label":"","button_link":"","button_style":"primary","text_alignment":"center"}},"text_i6xeeU":{"type":"text","settings":{"width":"quarter","subheading":"","title":"P","text":"<h5><a href=\"\/collections\/pearl-izumi\" title=\"Pearl Izumi\">PEARL IZUMI<\/a><\/h5><h5><a href=\"\/pages\/pep-bb-brand-page\" title=\"Pep & BB Brand Page\">PEP & BB<\/a><\/h5><h5><a href=\"\/collections\/powerdot\" title=\"PowerDot\">POWERDOT<\/a><\/h5><h5><a href=\"\/collections\/pro-tec\" title=\"Pro-Tec\">PRO-TEC<\/a><\/h5><h5><a href=\"\/collections\/puma\" title=\"PUMA\">PUMA<\/a><\/h5>","button_label":"","button_link":"","button_style":"primary","text_alignment":"center"}}},"block_order":["text_6hWGh3","text_VM6izM","text_aEj9Jj","text_i6xeeU"],"custom_css":["h5{margin-top: 0px; margin-bottom: 10px; margin-right: 0px; margin-left: 0px;"],"settings":{"alignment":"top"}},"custom_content_DfrriP":{"type":"custom-content","blocks":{"text_imdNML":{"type":"text","settings":{"width":"quarter","subheading":"","title":"Q","text":"","button_label":"","button_link":"","button_style":"primary","text_alignment":"center"}},"text_347Tb4":{"type":"text","settings":{"width":"quarter","subheading":"","title":"R","text":"<h5><a href=\"\/collections\/recovery-pulse\" title=\"Recovery Pulse\">RECOVERY PULSE<\/a><\/h5><h5><a href=\"\/collections\/rnnr\" title=\"RNNR\">RNNR<\/a><\/h5><h5><a href=\"\/collections\/rock-tape\" title=\"Rock Tape\">ROCK TAPE<\/a><\/h5><h5><a href=\"\/collections\/roll-recovery\" title=\"Roll Recovery\">ROLL RECOVERY<\/a><\/h5>","button_label":"","button_link":"","button_style":"primary","text_alignment":"center"}},"text_VVRCCJ":{"type":"text","settings":{"width":"quarter","subheading":"","title":"S","text":"<h5><a href=\"\/collections\/salt-stick\" title=\"Salt Stick\">SALT STICK<\/a><\/h5><h5><a href=\"\/collections\/saucony\" title=\"Saucony\">SAUCONY<\/a><\/h5><h5><a href=\"\/collections\/set\" title=\"SET\">SET<\/a><\/h5><h5><a href=\"\/collections\/shokz\" title=\"Shokz\">SHOKZ<\/a><\/h5><h5><a href=\"\/collections\/skechers\" title=\"Skechers\">SKECHERS<\/a><\/h5><h5><a href=\"\/collections\/specialized\" title=\"Specialized\">SPECIALIZED<\/a><\/h5><h5><a href=\"\/collections\/sprints\" title=\"Sprints\">SPRINTS<\/a><\/h5><h5><a href=\"\/collections\/state-bags\" title=\"State Bags\">STATE BAGS<\/a><\/h5><h5><a href=\"\/collections\/sun-bum\" title=\"Sun Bum\">SUN BUM<\/a><\/h5><h5><a href=\"\/collections\/sweaty-betty\" title=\"Sweaty Betty\">SWEATY BETTY<\/a><\/h5>","button_label":"","button_link":"","button_style":"primary","text_alignment":"center"}},"text_j9KqXK":{"type":"text","settings":{"width":"quarter","subheading":"","title":"T","text":"<h5><a href=\"\/collections\/tasc\" title=\"tasc\">TASC<\/a><\/h5><h5><a href=\"\/collections\/teleties\" title=\"Teleties\">TELETIES<\/a><\/h5><h5><a href=\"\/collections\/therabody\" title=\"Therabody\">THERABODY<\/a><\/h5><h5><a href=\"\/collections\/top-knot\" title=\"Top Knot\">TOP KNOT<\/a><\/h5><h5><a href=\"\/collections\/topo\" title=\"Topo\">TOPO<\/a><\/h5><h5><a href=\"\/collections\/tracksmith\" title=\"Tracksmith\">TRACKSMITH<\/a><\/h5><h5><a href=\"\/collections\/trigger-point\" title=\"Trigger Point\">TRIGGER POINT<\/a><\/h5><h5><a href=\"\/collections\/tyroi\" title=\"Tyroi\">TYROI<\/a><\/h5>","button_label":"","button_link":"","button_style":"primary","text_alignment":"center"}}},"block_order":["text_imdNML","text_347Tb4","text_VVRCCJ","text_j9KqXK"],"custom_css":["h5{margin-top: 0px; margin-bottom: 10px; margin-right: 0px; margin-left: 0px;"],"settings":{"alignment":"top"}},"custom_content_xzUYxX":{"type":"custom-content","blocks":{"text_aTiVcY":{"type":"text","settings":{"width":"quarter","subheading":"","title":"U","text":"","button_label":"","button_link":"","button_style":"primary","text_alignment":"center"}},"text_w9RLn7":{"type":"text","settings":{"width":"quarter","subheading":"","title":"V","text":"<h5><a href=\"\/collections\/varley\" title=\"Varley\">VARLEY<\/a><\/h5><h5><a href=\"\/collections\/vooray\" title=\"Vooray\">VOORAY<\/a><\/h5>","button_label":"","button_link":"","button_style":"primary","text_alignment":"center"}},"text_enxcFz":{"type":"text","settings":{"width":"quarter","subheading":"","title":"W","text":"","button_label":"","button_link":"","button_style":"primary","text_alignment":"center"}},"text_tXNkex":{"type":"text","settings":{"width":"quarter","subheading":"","title":"X","text":"","button_label":"","button_link":"","button_style":"primary","text_alignment":"center"}}},"block_order":["text_aTiVcY","text_w9RLn7","text_enxcFz","text_tXNkex"],"custom_css":["h5{margin-top: 0px; margin-bottom: 10px; margin-right: 0px; margin-left: 0px;"],"settings":{"alignment":"top"}},"custom_content_LUadcm":{"type":"custom-content","blocks":{"text_6jhp6M":{"type":"text","settings":{"width":"quarter","subheading":"","title":"Y","text":"","button_label":"","button_link":"","button_style":"primary","text_alignment":"center"}},"text_fUthnJ":{"type":"text","settings":{"width":"quarter","subheading":"","title":"Z","text":"","button_label":"","button_link":"","button_style":"primary","text_alignment":"center"}},"text_dYtTgi":{"type":"text","settings":{"width":"quarter","subheading":"","title":"#","text":"<h5><a href=\"\/collections\/100\" title=\"100%\">100%<\/a><\/h5>","button_label":"","button_link":"","button_style":"primary","text_alignment":"center"}}},"block_order":["text_6jhp6M","text_fUthnJ","text_dYtTgi"],"custom_css":["h5{margin-top: 0px; margin-bottom: 10px; margin-right: 0px; margin-left: 0px;"],"settings":{"alignment":"top"}}},"order":["main","logo_list_8d36gR","custom_content_cEMCdP","custom_content_PYg3wW","custom_content_fe7BqK","custom_content_9hJwmF","custom_content_DfrriP","custom_content_xzUYxX","custom_content_LUadcm"]}