{"sections":{"main":{"type":"main-page","disabled":true,"settings":{"show_page_title":true,"full_width":false}},"background_video_ig9YKP":{"type":"background-video","blocks":{"heading_CjzAtB":{"type":"heading","settings":{"title":"ON","heading_max_width":17,"title_size":150,"title_size_mobile":100,"use_h1":false}},"subheading_PdEFQa":{"type":"subheading","settings":{"subheading":"FOOTWEAR | APPAREL | ACCESSORIES"}},"button_bTYFVU":{"type":"button","settings":{"button_label":"SHOP CLOUDSURFER 2","button_link":"shopify:\/\/products\/on-cloudsurfer-2-womens","button_style":"primary-black"}},"button_AGga4A":{"type":"button","settings":{"button_label":"SHOP ALL ON","button_link":"shopify:\/\/collections\/on","button_style":"primary"}}},"block_order":["heading_CjzAtB","subheading_PdEFQa","button_bTYFVU","button_AGga4A"],"settings":{"video_shopify":"shopify:\/\/files\/videos\/Cloudsurfer 2_Final.mp4","video_external":"https:\/\/www.youtube.com\/watch?v=_9VUPq3SxOc","video_description":"","text_alignment":"center center","height_desktop":380,"height_mobile":460,"full_width":true,"overlay_style":"full image-overlay--bg-shadow"}},"scrolling_banner_K7j79w":{"type":"scrolling-banner","blocks":{"image_cUxN8F":{"type":"image","settings":{"image":"shopify:\/\/shop_images\/F2R_X_ON.png","image_width":260,"link":"shopify:\/\/collections\/on"}}},"block_order":["image_cUxN8F"],"settings":{"full_width":true,"color_scheme":"2","text_size":16,"vertical_padding":9,"speed":35,"direction":"left","font":"heading","space":100}},"custom_content_tgQ66e":{"type":"custom-content","blocks":{"text_Xdp3n9":{"type":"text","settings":{"width":"half","subheading":"","title":"FOOTWEAR","text":"","button_label":"EXPLORE MORE","button_link":"shopify:\/\/collections\/on-footwear","button_style":"link","text_alignment":"center"}},"text_fVf7EB":{"type":"text","settings":{"width":"half","subheading":"","title":"APPAREL","text":"","button_label":"EXPLORE MORE","button_link":"shopify:\/\/collections\/on-apparel","button_style":"link","text_alignment":"center"}}},"block_order":["text_Xdp3n9","text_fVf7EB"],"settings":{"alignment":"middle"}},"countdown_timer_D8fQ9w":{"type":"countdown-timer","blocks":{"subheading_WfmEqr":{"type":"subheading","settings":{"subheading":"THE FAN FAVORITE, EVOLVED"}},"heading_yr3DCM":{"type":"heading","settings":{"title":"CLOUDSURFER 2","use_h1":false}},"text_QrFeyw":{"type":"text","settings":{"text":"<p>FEATURING CLOUDTEC PHASE CUSHIONING FOR AN EVEN SMOOTHER RIDE AND FRESH MESH UPPER FOR INCREASED BREATHABILITY<\/p>","enlarge_text":false}},"button_XzEcHF":{"type":"button","settings":{"button_label":"SHOP NOW","button_link":"shopify:\/\/products\/on-cloudsurfer-2-womens","button_style":"secondary-white"}}},"block_order":["subheading_WfmEqr","heading_yr3DCM","text_QrFeyw","button_XzEcHF"],"settings":{"show_image":true,"image":"shopify:\/\/shop_images\/IMG_3143.jpg","image_link":"","show_image_space":false,"image_position":"right","text_alignment":"center","color_scheme":"2"}},"collection_list_NEUArE":{"type":"collection-list","blocks":{"collection_h33NHa":{"type":"collection","settings":{"collection":"on-running-footwear","image":"shopify:\/\/shop_images\/On_Collection_Cloudmonster_Hyper.png","subheading":"ENERGETIC MILES","button_label":"EXPLORE MORE"}},"collection_i4QUyM":{"type":"collection","settings":{"collection":"on-lifestyle-footwear","image":"shopify:\/\/shop_images\/On_Collection_Cloud_5.png","subheading":"ALL-DAY COMFORT","button_label":"EXPLORE MORE"}},"collection_LULcQ7":{"type":"collection","settings":{"collection":"on-trail-footwear","image":"shopify:\/\/shop_images\/On_Collection_Cloudsurfer_Trail.png","subheading":"RUGGED TERRAIN","button_label":"EXPLORE MORE"}},"collection_L48HUj":{"type":"collection","settings":{"collection":"on-cross-training-footwear","image":"shopify:\/\/shop_images\/On_Collection_Cloud_X_V4.png","subheading":"GYM SESSIONS","button_label":"EXPLORE MORE"}}},"block_order":["collection_h33NHa","collection_i4QUyM","collection_LULcQ7","collection_L48HUj"],"settings":{"title":"ON MEANT FOR...","enable_carousel":true,"grid":4,"color_scheme":"default","full_width":true,"coll_grid_image_shape":"square","coll_grid_image_position":"center center","coll_thumb_mob_per_row":"2","coll_grid_show_count":false,"coll_text_position":"below","coll_text_position_under_mobile":true,"coll_thumb_text_align_x":"center","coll_thumb_text_align_y":"center","coll_button_style":"link"}},"gallery_Mnm3fR":{"type":"gallery","blocks":{"media_4hgcK9":{"type":"media","settings":{"image":"shopify:\/\/shop_images\/On_Tops.png","enlarge_media":true,"subheading":"ON APPAREL","title":"TOPS","button_label":"EXPLORE MORE","link":"shopify:\/\/collections\/on-tops","text_alignment":"top right"}},"media_eVPbai":{"type":"media","settings":{"image":"shopify:\/\/shop_images\/On_Bottoms.png","enlarge_media":false,"subheading":"ON APPAREL","title":"BOTTOMS","button_label":"EXPLORE MORE","link":"shopify:\/\/collections\/on-bottoms","text_alignment":"bottom left"}},"media_iU8czb":{"type":"media","settings":{"image":"shopify:\/\/shop_images\/On_Bras.png","enlarge_media":false,"subheading":"ON APPAREL","title":"BRAS","button_label":"EXPLORE MORE","link":"shopify:\/\/collections\/on-bras-1","text_alignment":"top left"}}},"block_order":["media_4hgcK9","media_eVPbai","media_iU8czb"],"settings":{"grid_desktop":2,"grid_mobile":"1","height":"fixed","desktop_image_height":460,"mobile_image_height":400,"title_size":30,"title_size_mobile":22,"enable_margin":true,"enable_row_spacing":true,"full_width":false,"color_scheme":"2","enable_carousel":true,"overlay_style":"full","button_style":"link"}},"shop_the_look_jrEKcW":{"type":"shop-the-look","settings":{"image":"shopify:\/\/shop_images\/ON_LIFESTYLE_SECTION.png","mobile_image":"shopify:\/\/shop_images\/ON_SHOP_THE_LOOK.png","video_external":"","video_description":"","height":"fixed","height_desktop":480,"height_mobile":460,"product_list":["on-cloudsurfer-next-mens","on-cloudmonster-2-womens-frost-rock","on-cloud-5-womens-shell-white"],"products_alignment":"bottom right","product_card_layout":"landscape","show_swatches":true,"full_width":true,"text_alignment":"top right","mobile_overlay_over":false,"overlay_style":"shadow"}},"collection_list_PnF6R7":{"type":"collection-list","blocks":{"collection_9VJmzB":{"type":"collection","settings":{"collection":"on-hats","subheading":"","button_label":""}},"collection_Jd7efi":{"type":"collection","settings":{"collection":"on-socks","subheading":"","button_label":""}}},"block_order":["collection_9VJmzB","collection_Jd7efi"],"settings":{"title":"HATS | SOCKS","enable_carousel":true,"grid":2,"color_scheme":"default","full_width":true,"coll_grid_image_shape":"landscape-32","coll_grid_image_position":"center center","coll_thumb_mob_per_row":"1","coll_grid_show_count":true,"coll_text_position":"below","coll_text_position_under_mobile":false,"coll_thumb_text_align_x":"center","coll_thumb_text_align_y":"center","coll_button_style":"primary"}},"scrolling_banner_krbRMA":{"type":"scrolling-banner","blocks":{"text_XqhxqC":{"type":"text","settings":{"text":"SALE","color":"rgba(0,0,0,0)","link":"","use_h1":false,"stencil_all_text":false,"stencil_text":""}}},"block_order":["text_XqhxqC"],"settings":{"full_width":true,"color_scheme":"2","text_size":20,"vertical_padding":19,"speed":37,"direction":"right","font":"heading","space":80}},"product_list_Tbwgnf":{"type":"product-list","settings":{"title":"SALE","product_list":["on-cloudmonster-2-womens-undyed-zest","on-cloud-x-v3-mens","on-cloudrunner-womens","on-cloud-5-womens-lily-frost","on-cloudmonster-mens-undyed-white-creek","on-cloudflyer-v4-mens"],"show_vendor":false,"enable_carousel":true,"grid":4,"color_scheme":"default","full_width":true}},"scrolling_banner_QxDyWR":{"type":"scrolling-banner","blocks":{"text_PYdMLd":{"type":"text","settings":{"text":"SALE","color":"rgba(0,0,0,0)","link":"","use_h1":false,"stencil_all_text":false,"stencil_text":""}}},"block_order":["text_PYdMLd"],"settings":{"full_width":true,"color_scheme":"2","text_size":20,"vertical_padding":19,"speed":37,"direction":"left","font":"heading","space":70}}},"order":["main","background_video_ig9YKP","scrolling_banner_K7j79w","custom_content_tgQ66e","countdown_timer_D8fQ9w","collection_list_NEUArE","gallery_Mnm3fR","shop_the_look_jrEKcW","collection_list_PnF6R7","scrolling_banner_krbRMA","product_list_Tbwgnf","scrolling_banner_QxDyWR"]}