{"sections":{"main":{"type":"main-page","disabled":true,"settings":{"show_page_title":true,"full_width":false}},"image_with_text_overlay_Y4pMjK":{"type":"image-with-text-overlay","blocks":{"subheading_MniXhR":{"type":"subheading","settings":{"subheading":"FIT2RUN GAINESVILLE"}},"heading_b6fbYV":{"type":"heading","settings":{"title":"CELEBRATION POINTE","heading_max_width":15,"title_size":84,"title_size_mobile":32,"use_h1":false}}},"block_order":["subheading_MniXhR","heading_b6fbYV"],"custom_css":[".text-overlay__text {color: #171717;}"],"settings":{"image":"shopify:\/\/shop_images\/white.png","height":"fixed","height_desktop":200,"height_mobile":160,"image_link":"","full_width":true,"text_alignment":"center center","mobile_overlay_under":false,"overlay_style":"no_background"}},"scrolling_banner_cyrRFn":{"type":"scrolling-banner","blocks":{"text_Wz9yfK":{"type":"text","settings":{"text":"RUN CLUB WEDNESDAYS @ 6:00 PM","color":"#f7f7f8","link":"","use_h1":false,"stencil_all_text":false,"stencil_text":""}}},"block_order":["text_Wz9yfK"],"settings":{"full_width":true,"color_scheme":"2","text_size":16,"vertical_padding":14,"speed":26,"direction":"left","font":"heading","space":90}},"map_4Xbeqk":{"type":"map","custom_css":["p {margin-bottom: 4px;}"],"settings":{"full_width":true,"color_scheme":"default","heading":"","address":"<h4>STORE HOURS:<\/h4><p>Monday: 10 AM - 8 PM<\/p><p>Tuesday: 10 AM - 8 PM<\/p><p>Wednesday: 10 AM - 8 PM<\/p><p>Thursday: 10 AM - 8 PM<\/p><p>Friday: 10 AM- 9 PM<\/p><p>Saturday: 10 AM - 9 PM<\/p><p>Sunday: 12 PM - 6 PM<\/p><h4>STORE PHONE #:<\/h4><h6>(352) 254-4759<\/h6><h4>ADDRESS:<\/h4><h6>4871 CELEBRATION POINTE AVE SUITE 40, GAINESVILLE, FL 32608<\/h6>","button":"Directions","show_pin":true,"show_feature_image":false,"map_address":"4871 Celebration Pointe Ave.Suite 40 Gainesville, 32608","api_key":"AIzaSyBXyIvH_A_lizFVtY8oXsx0Jg75whMenEI","map_type":"dynamic","map_style":"retro"}},"custom_content_D4UyGD":{"type":"custom-content","settings":{"alignment":"middle"}},"scrolling_banner_pE3wP7":{"type":"scrolling-banner","blocks":{"image_MyPiec":{"type":"image","settings":{"image":"shopify:\/\/shop_images\/Untitled-5.jpg","image_width":90,"link":"shopify:\/\/pages\/on-brand-page"}},"image_AYYycA":{"type":"image","settings":{"image":"shopify:\/\/shop_images\/Hoka_Logo.png","image_width":130,"link":"shopify:\/\/pages\/hoka-brand-page"}},"image_8PdPQf":{"type":"image","settings":{"image":"shopify:\/\/shop_images\/Asics_Logo.png","image_width":145,"link":"shopify:\/\/pages\/asics-brand-page"}},"image_w6m6Mf":{"type":"image","settings":{"image":"shopify:\/\/shop_images\/Brooks_Logo.png","image_width":220,"link":"shopify:\/\/pages\/brooks-brand-page"}}},"block_order":["image_MyPiec","image_AYYycA","image_8PdPQf","image_w6m6Mf"],"settings":{"full_width":true,"color_scheme":"default","text_size":50,"vertical_padding":7,"speed":26.5,"direction":"left","font":"heading","space":85}},"testimonials_M8crif":{"type":"testimonials","blocks":{"testimonial_EiFMfy":{"type":"testimonial","settings":{"star_rating":5,"testimonial":"Great people here at this location. The staff is fun and very knowledgeable.","author":"EDWARD W.","image":"shopify:\/\/shop_images\/Celebration_Pointe_3.png","image_caption":"","link":""}},"testimonial_H9G6yh":{"type":"testimonial","settings":{"star_rating":5,"testimonial":"Best place to buy athletic shoes in Gainesville Florida.","author":"JAMES M.","image":"shopify:\/\/shop_images\/Celebration_Pointe_2.png","image_caption":"","link":""}},"testimonial_egB6Cw":{"type":"testimonial","settings":{"star_rating":5,"testimonial":"I will be back and am extremely appreciative of the employees","author":"ASHLEY M.","image":"shopify:\/\/shop_images\/Celebration_Pointe_1.png","image_caption":"","link":""}}},"block_order":["testimonial_EiFMfy","testimonial_H9G6yh","testimonial_egB6Cw"],"settings":{"title":"Customer reviews","layout":"image-right","text_caps":false,"quote_text_size":25,"quote_text_size_mobile":20,"image_shape":"square","color_scheme":"default","autoplay":true,"autoplay_speed":5}},"rich_text_W9naHT":{"type":"rich-text","blocks":{"heading_VM9mPL":{"type":"heading","settings":{"title":"ABOUT CELEBRATION POINTE","use_h1":false}},"text_ywVjhB":{"type":"text","settings":{"use_metadata":false,"text":"<p>When it comes to shoe stores, Gainesville offers lots of choices. After all, the University of Florida is located here, and its students, faculty, staff and athletes need all kinds of footwear for work, play and sports.<\/p><p>Whether you live in the heart of Gator country or are just visiting, if you are serious about comfort in your running and walking shoes, you should visit the Fit2Run store at Celebration Pointe in Gainesville, Florida. Located next to Spurrier’s Gridiron Grille next to the Promenade, Fit2Run at Celebration Pointe is your one stop shop for all things running and walking. <\/p><p>Not only will we make you feel welcome in our Gainesville running store, we know fit like no one else. That's not just an idle boast. To ensure the closest thing to a custom-fitting shoe, start off with a free videotaped gait analysis here. This will help you select exactly the right shoes for your type of feet and the way you walk and run.<\/p><p>Next, step onto our Aetrex Albert 2 system. This innovative machine instantly identifies your foot type, shoe size and pressure points, further ensuring the best type of shoes for your feet.<\/p><p>Once you've decided on the type of shoe that's right for you, we offer an outstanding roster of the world's best brands. Just a few examples include On Running, ASICS, Brooks, and Hoka. We also carry various styles of OOFOS recovery sandals. They're great for pampering your feet, legs and backs after that strenuous workout or helping to soothe nagging aches and pains.<\/p><p>If you're looking for the latest in sports watches to monitor your performance and health, drop in to see our lineup of the latest Garmin gear. In addition to Garmin sports watches, we carry accessories like charging clips and colorful watch bands.<\/p><p>If you're looking to save on in-store and online purchases and shipping, consider <a href=\"https:\/\/www.fit2run.com\/club-membership\">joining Club Fit2Run<\/a>. For a small annual fee, membership entitles you to a 10% discount on most running shoes and free shipping on most orders over $39.99. In addition, you'll get invitations to exclusive sales events as well as VIP access to special events and sneak previews of exciting new products and services.<\/p>","enlarge_text":false}}},"block_order":["heading_VM9mPL","text_ywVjhB"],"settings":{"height":"medium","text_alignment":"center","full_width":false,"color_scheme":"default"}}},"order":["main","image_with_text_overlay_Y4pMjK","scrolling_banner_cyrRFn","map_4Xbeqk","custom_content_D4UyGD","scrolling_banner_pE3wP7","testimonials_M8crif","rich_text_W9naHT"]}