{"sections":{"main":{"type":"main-page","disabled":true,"settings":{"show_page_title":true,"full_width":false}},"background_video_ig9YKP":{"type":"background-video","blocks":{"heading_CjzAtB":{"type":"heading","settings":{"title":"F2R","heading_max_width":17,"title_size":150,"title_size_mobile":100,"use_h1":false}},"subheading_PdEFQa":{"type":"subheading","settings":{"subheading":"APPAREL | ACCESSORIES"}},"button_EBBGAV":{"type":"button","settings":{"button_label":"SHOP ALL","button_link":"shopify:\/\/collections\/shop-all-f2r","button_style":"link"}}},"block_order":["heading_CjzAtB","subheading_PdEFQa","button_EBBGAV"],"settings":{"video_shopify":"shopify:\/\/files\/videos\/Untitled_a1346227-ced9-479b-92cd-523978f40e1c.mp4","video_external":"https:\/\/www.youtube.com\/watch?v=_9VUPq3SxOc","video_description":"","text_alignment":"center center","height_desktop":380,"height_mobile":460,"full_width":true,"overlay_style":"full image-overlay--bg-shadow"}},"scrolling_banner_K7j79w":{"type":"scrolling-banner","blocks":{"image_cUxN8F":{"type":"image","settings":{"image":"shopify:\/\/shop_images\/F2R_X_F2R.png","image_width":260,"link":"shopify:\/\/collections\/shop-all-f2r"}}},"block_order":["image_cUxN8F"],"settings":{"full_width":true,"color_scheme":"2","text_size":16,"vertical_padding":9,"speed":35,"direction":"left","font":"heading","space":100}},"rich_text_TGAtwi":{"type":"rich-text","blocks":{"heading_w6fqee":{"type":"heading","settings":{"title":"","use_h1":false}},"text_4yVYaM":{"type":"text","settings":{"use_metadata":false,"text":"<h4>WE TAKE PRIDE IN BEING <em><strong>THE ULTIMATE RUNNER'S SUPERSTORE<\/strong><\/em> FOR ALL OF YOUR RUNNING NEEDS<\/h4><p>This belief led us to create our own apparel line called F2R Apparel. This brand is made for active people of all experience levels. From performance wear to soft, athleisure apparel, this line is made for runners and walkers.<\/p>","enlarge_text":false}}},"block_order":["heading_w6fqee","text_4yVYaM"],"settings":{"height":"small","text_alignment":"center","full_width":false,"color_scheme":"1"}},"custom_content_tgQ66e":{"type":"custom-content","blocks":{"text_Xdp3n9":{"type":"text","settings":{"width":"half","subheading":"","title":"MEN'S","text":"","button_label":"EXPLORE MORE","button_link":"shopify:\/\/collections\/f2r-mens-apparel","button_style":"link","text_alignment":"center"}},"text_fVf7EB":{"type":"text","settings":{"width":"half","subheading":"","title":"WOMEN'S","text":"","button_label":"EXPLORE MORE","button_link":"shopify:\/\/collections\/f2r-womens-apparel","button_style":"link","text_alignment":"center"}}},"block_order":["text_Xdp3n9","text_fVf7EB"],"settings":{"alignment":"middle"}},"collection_list_NEUArE":{"type":"collection-list","blocks":{"collection_h33NHa":{"type":"collection","settings":{"collection":"f2r-tops","image":"shopify:\/\/shop_images\/F2R_Tops.png","subheading":"TOPS","button_label":"EXPLORE MORE"}},"collection_i4QUyM":{"type":"collection","settings":{"collection":"f2r-bottoms","image":"shopify:\/\/shop_images\/F2R_Bottoms.png","subheading":"BOTTOMS","button_label":"EXPLORE MORE"}}},"block_order":["collection_h33NHa","collection_i4QUyM"],"settings":{"title":"TOPS | BOTTOMS","enable_carousel":true,"grid":2,"color_scheme":"default","full_width":true,"coll_grid_image_shape":"square","coll_grid_image_position":"center center","coll_thumb_mob_per_row":"2","coll_grid_show_count":false,"coll_text_position":"below","coll_text_position_under_mobile":true,"coll_thumb_text_align_x":"center","coll_thumb_text_align_y":"center","coll_button_style":"link"}},"hotspots_argXbR":{"type":"hotspots","blocks":{"hotspot_EWQE3R":{"type":"hotspot","settings":{"hotspot_x":41,"hotspot_y":25,"hotspot_x_mobile":34,"hotspot_y_mobile":22,"heading":"TOPS","text":"<p>Our women's workout tops are made from tough but flexible materials that can withstand an active lifestyle. Our women's tops are ideal for running, cycling, yoga, gym workouts, and other fitness activities.<\/p>","icon":"","icon_width":32}},"hotspot_hpHddf":{"type":"hotspot","settings":{"hotspot_x":66,"hotspot_y":76,"hotspot_x_mobile":73,"hotspot_y_mobile":63,"heading":"BOTTOMS","text":"<p>Our men's shorts are ideal for running, cycling, yoga, gym workouts, and other fitness activities. Our men's workout clothes are designed for functionality and performance without sacrificing style. <\/p>","icon":"","icon_width":32}}},"block_order":["hotspot_EWQE3R","hotspot_hpHddf"],"settings":{"image":"shopify:\/\/shop_images\/New_f2r.png","mobile_image":"shopify:\/\/shop_images\/F2R_Mobile.png","hotspot_color":"#f7f7f8","button_content":"plus","outer_circle":"pulse","full_width":true,"text_alignment":"top left","overlay_style":"no_background","subheading":"","title":"","use_h1":false,"heading_max_width":10,"text":"","button_1_label":"","button_1_link":"","button_1_style":"link","button_2_label":"","button_2_link":"","button_2_style":"primary"}},"product_list_KCibn8":{"type":"product-list","settings":{"title":"NEW","product_list":["f2r-elite-5-short-iii-mens","f2r-energy-tee-iv-mens","f2r-performance-skort-womens","f2r-essential-run-jacket-womens","f2r-elite-7-short-iii-mens","f2r_cadence_tight_womens_true_blue","f2r-essential-run-crop-longsleeve-tee-womens","f2r-run-movement-tank-vi-mens","f2r_crossover_short_womens","f2r_speedwork_2-5_inch_short_ii_womens","f2r-speedwork-2-5-short-ii","f2r-ultimate-comfort-tank-womens"],"show_vendor":false,"enable_carousel":true,"grid":4,"color_scheme":"default","full_width":true}},"scrolling_banner_Jm3EMA":{"type":"scrolling-banner","blocks":{"text_6wTWN8":{"type":"text","settings":{"text":"SALE","color":"rgba(0,0,0,0)","link":"","use_h1":false,"stencil_all_text":false,"stencil_text":""}}},"block_order":["text_6wTWN8"],"settings":{"full_width":true,"color_scheme":"2","text_size":20,"vertical_padding":19,"speed":37,"direction":"right","font":"heading","space":80}},"product_list_wU8EFG":{"type":"product-list","settings":{"title":"SALE","product_list":["f2r-all-day-skort-womens","f2r-ultimate-comfort-jacket-womens","f2r-run-movement-tank-iv-mens","f2r-elite-3-short-mens","f2r-4-cristina-short-womens","f2r-tempo-tee-mens","f2r-all-day-tight-womens"],"show_vendor":false,"enable_carousel":true,"grid":4,"color_scheme":"default","full_width":true}},"scrolling_banner_bDDp7b":{"type":"scrolling-banner","blocks":{"text_dPwzVE":{"type":"text","settings":{"text":"SALE","color":"rgba(0,0,0,0)","link":"","use_h1":false,"stencil_all_text":false,"stencil_text":""}}},"block_order":["text_dPwzVE"],"settings":{"full_width":true,"color_scheme":"2","text_size":20,"vertical_padding":19,"speed":37,"direction":"left","font":"heading","space":80}}},"order":["main","background_video_ig9YKP","scrolling_banner_K7j79w","rich_text_TGAtwi","custom_content_tgQ66e","collection_list_NEUArE","hotspots_argXbR","product_list_KCibn8","scrolling_banner_Jm3EMA","product_list_wU8EFG","scrolling_banner_bDDp7b"]}