{"sections":{"main":{"type":"main-product","blocks":{"text_tVyzxw":{"type":"text","settings":{"text":"{{ product.metafields.custom.gender.value }}","icon":"","icon_size":"small","enable_box":false,"box_color":"#e0f4d5","show_in_quickbuy":false}},"title":{"type":"title","settings":{}},"price":{"type":"price","settings":{"enable_product_reviews_by_price":true,"show_club_price":true}},"divider":{"type":"divider","settings":{"show_in_quickbuy":false}},"variant-picker":{"type":"variant-picker","settings":{"show_single":false,"selector_style":"listed","enable_dynamic_availability":true,"enable_size_chart":true,"size_chart_variant":"Size","size_chart_page":"{{ product.metafields.custom.size_chart.value }}"}},"buy-buttons":{"type":"buy-buttons","settings":{"show_tax_and_shipping":false,"show_quantity_selector":true,"enable_payment_button":true,"show_backorder_text":false,"show_pickup_availability":true,"show_gift_card_recipient":true}},"richtext_LMPyUN":{"type":"richtext","settings":{"richtext":"<p>{{ product.metafields.theme.short_description | metafield_tag }}<\/p>","icon":"","icon_size":"small","enable_box":false,"box_color":"#e0f4d5","show_in_quickbuy":false}},"description":{"type":"description","settings":{"show_in_tab":true,"open_tab":true,"icon":"","show_in_quickbuy":false}},"accordion_ETUXCe":{"type":"accordion","settings":{"title":"Care instructions","icon":"","content":"{{ product.metafields.theme.care_instructions | metafield_tag }}","page":"","custom_liquid":"","open":false,"show_in_quickbuy":false}},"complementary_4CEpdU":{"type":"complementary","settings":{"heading":"COMPLETE THE LOOK","enable_carousel":true,"max_products":4}}},"block_order":["text_tVyzxw","title","price","divider","variant-picker","buy-buttons","richtext_LMPyUN","description","accordion_ETUXCe","complementary_4CEpdU"],"settings":{"show_breadcrumbs":true,"select_first_variant":true,"show_location_underneath":false,"inventory_transfers_enable":true,"enable_sticky_columns":true,"enable_sticky_atc":true,"sticky_atc_position":"center","sticky_atc_mobile":true,"sticky_atc_behavior":"add_to_cart","sticky_atc_button_style":"primary","gallery_size":"medium","gallery_layout":"collage-1","enable_zoom":true,"show_alt_text":false,"alt_text_icon":"","enable_video_autoplay":false,"enable_video_looping":false,"enable_media_grouping":true,"media_grouping_option":"Color,Colour,Couleur,Farbe"}},"related-products":{"type":"related-products","settings":{"title":"You may also like","show_vendor":false,"grid":4}}},"order":["main","related-products"]}