{"sections":{"main":{"type":"main-product","blocks":{"title":{"type":"title","settings":{}},"price":{"type":"price","settings":{"enable_product_reviews_by_price":true,"show_club_price":true}},"vendor":{"type":"vendor","settings":{}},"divider":{"type":"divider","settings":{"show_in_quickbuy":false}},"variant-picker":{"type":"variant-picker","settings":{"show_single":false,"selector_style":"listed","enable_dynamic_availability":true,"enable_size_chart":false,"size_chart_variant":"Size","size_chart_page":""}},"buy-buttons":{"type":"buy-buttons","settings":{"show_tax_and_shipping":false,"show_quantity_selector":true,"enable_payment_button":true,"show_backorder_text":false,"show_pickup_availability":true,"show_gift_card_recipient":false}},"description":{"type":"description","settings":{"show_in_tab":false,"open_tab":false,"icon":"","show_in_quickbuy":false}}},"block_order":["title","price","vendor","divider","variant-picker","buy-buttons","description"],"settings":{"show_breadcrumbs":true,"select_first_variant":true,"show_location_underneath":false,"inventory_transfers_enable":true,"enable_sticky_columns":true,"enable_sticky_atc":true,"sticky_atc_position":"center","sticky_atc_mobile":true,"sticky_atc_behavior":"add_to_cart","sticky_atc_button_style":"primary","gallery_size":"medium","gallery_layout":"collage-1","enable_zoom":true,"show_alt_text":false,"alt_text_icon":"","enable_video_autoplay":false,"enable_video_looping":true,"enable_media_grouping":false,"media_grouping_option":"Color,Colour,Couleur,Farbe"}},"related-products":{"type":"related-products","settings":{"title":"You may also like","show_vendor":false,"grid":4}}},"order":["main","related-products"]}