{"sections":{"scrolling_banner_hn8k3M":{"type":"scrolling-banner","blocks":{"text_QmF87M":{"type":"text","settings":{"text":"JOIN THE F2R CLUB MEMBERSHIP","color":"rgba(0,0,0,0)","link":"","use_h1":false,"stencil_all_text":false,"stencil_text":""}},"image_qFRDE3":{"type":"image","settings":{"image":"shopify:\/\/shop_images\/rewardslogo_be561480-e746-46ed-a95a-beb314f5c325.png","image_width":30,"link":""}}},"block_order":["text_QmF87M","image_qFRDE3"],"settings":{"full_width":true,"color_scheme":"2","text_size":16,"vertical_padding":12,"speed":35,"direction":"left","font":"heading","space":30}},"main":{"type":"main-product","blocks":{"text_xxkAmx":{"type":"text","settings":{"text":"{{ product.metafields.custom.gender.value }}","icon":"","icon_size":"small","enable_box":false,"box_color":"#e0f4d5","show_in_quickbuy":false}},"title":{"type":"title","settings":{}},"price":{"type":"price","settings":{"enable_product_reviews_by_price":false,"show_club_price":false}},"image_9BDHQp":{"type":"image","settings":{"image":"shopify:\/\/shop_images\/savemore_4dfa221f-b47e-49a0-8a0a-ef42d806fc99.png","image_width":700,"url":"","open_in_new_tab":false,"show_in_quickbuy":false}},"richtext_4UQjMJ":{"type":"richtext","settings":{"richtext":"<p>BECOME AN F2R REWARDS CLUB MEMBER TO SAVE 10% ON FULL PRICED MERCHANDISE AND EARN X2 POINTS EVERY TIME YOU SHOP.<\/p>","icon":"","icon_size":"small","enable_box":false,"box_color":"#e0f4d5","show_in_quickbuy":false}},"vendor":{"type":"vendor","disabled":true,"settings":{}},"divider":{"type":"divider","settings":{"show_in_quickbuy":false}},"variant-picker":{"type":"variant-picker","settings":{"show_single":false,"selector_style":"listed","enable_dynamic_availability":true,"enable_size_chart":true,"size_chart_variant":"Size","size_chart_page":""}},"buy-buttons":{"type":"buy-buttons","settings":{"show_tax_and_shipping":false,"show_quantity_selector":false,"enable_payment_button":true,"show_backorder_text":false,"show_pickup_availability":true,"show_gift_card_recipient":false}},"complementary_4CEpdU":{"type":"complementary","settings":{"heading":"Pairs well with","enable_carousel":true,"max_products":4}},"description":{"type":"description","disabled":true,"settings":{"show_in_tab":false,"open_tab":false,"icon":"","show_in_quickbuy":false}}},"block_order":["text_xxkAmx","title","price","image_9BDHQp","richtext_4UQjMJ","vendor","divider","variant-picker","buy-buttons","complementary_4CEpdU","description"],"settings":{"show_breadcrumbs":true,"select_first_variant":true,"show_location_underneath":false,"inventory_transfers_enable":true,"enable_sticky_columns":true,"enable_sticky_atc":true,"sticky_atc_position":"center","sticky_atc_mobile":true,"sticky_atc_behavior":"add_to_cart","sticky_atc_button_style":"primary","gallery_size":"medium","gallery_layout":"carousel-beside","enable_zoom":true,"show_alt_text":false,"alt_text_icon":"","enable_video_autoplay":false,"enable_video_looping":false,"enable_media_grouping":true,"media_grouping_option":"Color,Colour,Couleur,Farbe"}},"gallery_TR69zg":{"type":"gallery","blocks":{"media_ndmnrE":{"type":"media","settings":{"image":"shopify:\/\/shop_images\/F2R_SF_Lifestyle-186.png","enlarge_media":true,"subheading":"FULL PRICED MERCHANDISE DISCOUNT","title":"SAVE 10%","button_label":"","link":"","text_alignment":"center center"}},"media_R3hGzK":{"type":"media","settings":{"image":"shopify:\/\/shop_images\/F2R_SF_Lifestyle-182.png","enlarge_media":true,"subheading":"TAKE THEM FOR A TEST RUN","title":"30 DAY FOOTWEAR TEST","button_label":"","link":"","text_alignment":"center center"}},"media_PaYdeT":{"type":"media","settings":{"image":"shopify:\/\/shop_images\/F2R_SF_Lifestyle-184.png","enlarge_media":true,"subheading":"EARN REWARDS","title":"2 POINTS FOR EVERY $1","button_label":"","link":"","text_alignment":"center center"}},"media_zfxR7L":{"type":"media","settings":{"image":"shopify:\/\/shop_images\/F2R_SF_Lifestyle-185.png","enlarge_media":true,"subheading":"EXCLUSIVE ACCESS","title":"MEMBER-ONLY PROMOTIONS AND EVENTS","button_label":"","link":"","text_alignment":"center center"}}},"block_order":["media_ndmnrE","media_R3hGzK","media_PaYdeT","media_zfxR7L"],"settings":{"grid_desktop":4,"grid_mobile":"1","height":"fixed","desktop_image_height":330,"mobile_image_height":290,"title_size":30,"title_size_mobile":22,"enable_margin":true,"enable_row_spacing":true,"full_width":true,"color_scheme":"default","enable_carousel":true,"overlay_style":"full","button_style":"primary"}},"rich_text_ipegAg":{"type":"rich-text","blocks":{"button_CVrzGF":{"type":"button","settings":{"button_label":"LEARN MORE","button_link":"shopify:\/\/pages\/f2r-club","button_style":"primary-black"}}},"block_order":["button_CVrzGF"],"settings":{"height":"medium","text_alignment":"center","full_width":false,"color_scheme":"default"}},"scrolling_banner_xi9zYX":{"type":"scrolling-banner","blocks":{"text_mhEcPf":{"type":"text","settings":{"text":"JOIN THE F2R CLUB MEMBERSHIP","color":"rgba(0,0,0,0)","link":"","use_h1":false,"stencil_all_text":false,"stencil_text":""}},"image_xQdmqH":{"type":"image","settings":{"image":"shopify:\/\/shop_images\/rewardslogo_be561480-e746-46ed-a95a-beb314f5c325.png","image_width":30,"link":""}}},"block_order":["text_mhEcPf","image_xQdmqH"],"settings":{"full_width":true,"color_scheme":"2","text_size":16,"vertical_padding":12,"speed":35,"direction":"left","font":"heading","space":30}},"rich_text_YgDQ8e":{"type":"rich-text","blocks":{"subheading_AC9bmW":{"type":"subheading","settings":{"subheading":"HOW TO REDEEM REWARDS"}},"text_GpV49z":{"type":"text","settings":{"use_metadata":false,"text":"<p><strong>ONLINE:<\/strong><\/p><ol><li>Log in to your account using the email address associated with your membership.<\/li><li>Add the desired items to your cart.<\/li><li>At checkout, if rewards are available, you will see a dropdown where you can select them to apply.<\/li><\/ol><p><strong>IN-STORE:<\/strong><\/p><ol><li>Provide your email address or phone number linked to your account to the store associate.<\/li><li>They will access your rewards at the register, and you can apply them to your purchase.<\/li><\/ol>","enlarge_text":false}}},"block_order":["subheading_AC9bmW","text_GpV49z"],"settings":{"height":"medium","text_alignment":"left","full_width":false,"color_scheme":"2"}},"collapsible_tabs_nBzefP":{"type":"collapsible-tabs","blocks":{"question_bnV4QL":{"type":"question","settings":{"title":"HOW DO I JOIN?","answer":"<p><em>Our Club Membership is a paid membership! Simply purchase it online at Fit2Run.com or in your nearest Fit2Run retail location.<\/em><\/p>"}},"question_hqcw9W":{"type":"question","settings":{"title":"HOW LONG WILL I BE A CLUB MEMBER AFTER JOINING?","answer":"<p><em>Club Memberships expire 365 days after purchasing. You will need to re-purchase the Club Membership at this time to remain a Club Member. Club Member Points expire 365 days after earning.<\/em><\/p>"}},"question_UfrCGn":{"type":"question","settings":{"title":"HOW DO I REDEEM REWARDS?","answer":"<p><em>You can redeem your rewards online or in-store.<\/em><\/p><p><em>Online, be sure to log in to your account with the email address that was used to purchase your membership, add items to cart, and once at checkout you will see a dropdown to select your reward if any are available.<\/em><\/p><p><em>In-store, provide a store associate with your email address or phone number associated with your account and they can pull up the details at the register.<\/em><\/p>"}},"question_R4jbFy":{"type":"question","settings":{"title":"HOW DO I CHECK MY AVAILABLE REWARDS?","answer":"<p><em>You can check your available rewards online or in-store.<\/em><\/p><p><em>Online, be sure to log in to your account with the email address that was used to purchase your membership, go to your account page, and you will be able to see available rewards.<\/em><\/p><p><em>In-store, provide a store associate with your email address or phone number associated with your account and they can pull up the details at the register.<\/em><\/p>"}},"question_3pTkeD":{"type":"question","settings":{"title":"CAN I STACK MY REWARDS?","answer":"<p><em>You can only use one reward per transaction.<\/em><\/p>"}}},"block_order":["question_bnV4QL","question_hqcw9W","question_UfrCGn","question_R4jbFy","question_3pTkeD"],"custom_css":["h3 {text-align: center;}","h3 {font-size: 25px;"],"settings":{"title":"FAQ"}},"rich_text_mcVfUd":{"type":"rich-text","blocks":{"text_VB8r4n":{"type":"text","settings":{"use_metadata":false,"text":"<p><strong>STILL ON THE RUN FOR ANSWERS?<\/strong><\/p>","enlarge_text":true}},"button_CrwzgK":{"type":"button","settings":{"button_label":"CONTACT US","button_link":"https:\/\/www.fit2run.com\/pages\/contact","button_style":"primary-black"}}},"block_order":["text_VB8r4n","button_CrwzgK"],"settings":{"height":"medium","text_alignment":"center","full_width":false,"color_scheme":"default"}},"related-products":{"type":"related-products","disabled":true,"settings":{"title":"You may also like","show_vendor":false,"grid":4}}},"order":["scrolling_banner_hn8k3M","main","gallery_TR69zg","rich_text_ipegAg","scrolling_banner_xi9zYX","rich_text_YgDQ8e","collapsible_tabs_nBzefP","rich_text_mcVfUd","related-products"]}