{"sections":{"main":{"type":"main-product","blocks":{"text_tVyzxw":{"type":"text","settings":{"text":"{{ product.metafields.custom.gender.value }}","icon":"","icon_size":"small","enable_box":false,"box_color":"#e0f4d5","show_in_quickbuy":false}},"title":{"type":"title","settings":{}},"price":{"type":"price","settings":{"enable_product_reviews_by_price":false,"show_club_price":true}},"inventory_level_QctjPL":{"type":"inventory-level","disabled":true,"settings":{"show_inventory_notice":"low","show_inventory_count":"never","inventory_threshold":10,"enable_box":false,"enable_pulse":false,"show_in_quickbuy":true}},"vendor":{"type":"vendor","settings":{}},"divider":{"type":"divider","settings":{"show_in_quickbuy":false}},"gender_picker_YgqnRA":{"type":"gender-picker","settings":{}},"family_picker_RhLLXR":{"type":"family-picker","settings":{"metafield_reference":"custom.product_family","show_single":false,"selector_style":"listed","enable_dynamic_availability":true,"enable_size_chart":false,"size_chart_variant":"Size","size_chart_page":""}},"variant-picker":{"type":"variant-picker","disabled":true,"settings":{"show_single":false,"selector_style":"listed","enable_dynamic_availability":true,"enable_size_chart":true,"size_chart_variant":"Size","size_chart_page":"{{ product.metafields.custom.size_chart.value }}"}},"model_information_ALwz3B":{"type":"model-information","settings":{"model_title":"Model Size Information"}},"buy-buttons":{"type":"buy-buttons","settings":{"show_tax_and_shipping":false,"show_quantity_selector":true,"enable_payment_button":true,"show_backorder_text":false,"show_pickup_availability":true,"show_gift_card_recipient":false}},"yotpo_loyalty_rewards_product_points_module_app_block_jCqmaY":{"type":"shopify:\/\/apps\/yotpo-loyalty-rewards\/blocks\/product-points-module-app-block\/2f9660df-5018-4e02-9868-ee1fb88d6ccd","settings":{}},"expert_guide_cta_KiYzAY":{"type":"expert-guide-cta","settings":{"btn_title":"WATCH TO LEARN MORE"}},"richtext_LMPyUN":{"type":"richtext","settings":{"richtext":"<p>{{ product.metafields.theme.short_description | metafield_tag }}<\/p>","icon":"","icon_size":"small","enable_box":false,"box_color":"#e0f4d5","show_in_quickbuy":false}},"description":{"type":"description","settings":{"show_in_tab":true,"open_tab":true,"icon":"","show_in_quickbuy":false}},"accordion_ETUXCe":{"type":"accordion","settings":{"title":"Care instructions","icon":"","content":"{{ product.metafields.theme.care_instructions | metafield_tag }}","page":"","custom_liquid":"","open":false,"show_in_quickbuy":false}},"complementary_4CEpdU":{"type":"complementary","settings":{"heading":"COMPLETE THE LOOK","enable_carousel":true,"max_products":4}}},"block_order":["text_tVyzxw","title","price","inventory_level_QctjPL","vendor","divider","gender_picker_YgqnRA","family_picker_RhLLXR","variant-picker","model_information_ALwz3B","buy-buttons","yotpo_loyalty_rewards_product_points_module_app_block_jCqmaY","expert_guide_cta_KiYzAY","richtext_LMPyUN","description","accordion_ETUXCe","complementary_4CEpdU"],"settings":{"show_breadcrumbs":true,"select_first_variant":true,"show_location_underneath":false,"inventory_transfers_enable":true,"enable_sticky_columns":true,"enable_sticky_atc":true,"sticky_atc_position":"center","sticky_atc_mobile":true,"sticky_atc_behavior":"add_to_cart","sticky_atc_button_style":"primary","gallery_size":"medium","gallery_layout":"collage-1","enable_zoom":true,"show_alt_text":false,"alt_text_icon":"","enable_video_autoplay":false,"enable_video_looping":false,"enable_media_grouping":true,"media_grouping_option":"Color,Colour,Couleur,Farbe"}},"related-products":{"type":"related-products","settings":{"title":"You may also like","show_vendor":false,"grid":4}},"17369525155be7b465":{"type":"apps","blocks":{"yotpo_product_reviews_reviews_mkGmGg":{"type":"shopify:\/\/apps\/yotpo-product-reviews\/blocks\/reviews\/eb7dfd7d-db44-4334-bc49-c893b51b36cf","settings":{"product":"{{product}}"}}},"block_order":["yotpo_product_reviews_reviews_mkGmGg"],"settings":{"full_width":false,"show_space":true}}},"order":["main","17369525155be7b465","related-products"]}