{"sections":{"main":{"type":"main-product","blocks":{"title":{"type":"title","settings":{}},"price":{"type":"price","settings":{"enable_product_reviews_by_price":true,"show_club_price":true}},"vendor":{"type":"vendor","settings":{}},"richtext":{"type":"richtext","disabled":true,"settings":{"richtext":"<p><strong>Highlight<\/strong> a feature of your product.<\/p>","icon":"leaf","icon_size":"small","enable_box":true,"box_color":"#faf2e6","show_in_quickbuy":false}},"variant_picker":{"type":"variant-picker","settings":{"show_single":false,"selector_style":"dropdown","enable_dynamic_availability":true,"enable_size_chart":false,"size_chart_variant":"Size","size_chart_page":""}},"buy_buttons":{"type":"buy-buttons","settings":{"show_tax_and_shipping":false,"show_quantity_selector":true,"enable_payment_button":true,"show_backorder_text":true,"show_pickup_availability":true,"show_gift_card_recipient":false}},"description":{"type":"description","settings":{"show_in_tab":true,"open_tab":false,"icon":"","show_in_quickbuy":false}},"accordion":{"type":"accordion","settings":{"title":"Collapsible tab","icon":"","content":"<p>Collapsible tab content<\/p>","page":"","custom_liquid":"","open":false,"show_in_quickbuy":false}},"complementary":{"type":"complementary","settings":{"heading":"Pairs well with","enable_carousel":true,"max_products":10}}},"block_order":["title","price","vendor","richtext","variant_picker","buy_buttons","description","accordion","complementary"],"settings":{"show_breadcrumbs":false,"select_first_variant":true,"show_location_underneath":false,"inventory_transfers_enable":true,"enable_sticky_columns":true,"enable_sticky_atc":false,"sticky_atc_position":"end","sticky_atc_mobile":true,"sticky_atc_behavior":"add_to_cart","sticky_atc_button_style":"primary","gallery_size":"medium","gallery_layout":"columns-1","enable_zoom":true,"show_alt_text":false,"alt_text_icon":"","enable_video_autoplay":true,"enable_video_looping":true,"enable_media_grouping":true,"media_grouping_option":"Color,Colour,Couleur,Farbe"}},"background_video":{"type":"background-video","blocks":{"heading_PcfUDp":{"type":"heading","settings":{"title":"Background video","heading_max_width":15,"title_size":58,"title_size_mobile":32,"use_h1":false}},"text_Cew49C":{"type":"text","settings":{"text":"<p>Use a video to get a customer's attention<\/p>","enlarge_text":true}},"button_F8XBGK":{"type":"button","settings":{"button_label":"Button text","button_link":"","button_style":"secondary"}}},"block_order":["heading_PcfUDp","text_Cew49C","button_F8XBGK"],"settings":{"video_external":"https:\/\/www.youtube.com\/watch?v=_9VUPq3SxOc","video_description":"","text_alignment":"center center","height_desktop":600,"height_mobile":500,"full_width":true,"overlay_style":"shadow"}},"recommendations":{"type":"related-products","settings":{"title":"You may also like","show_vendor":true,"grid":4}},"newsletter":{"type":"newsletter","settings":{"title":"Subscribe to our newsletter","subheading":"<p>Promotions, new products and sales. Directly to your inbox.<\/p>","color_scheme":"2"}},"featured_blog":{"type":"featured-blog","settings":{"title":"Blog posts","blog":"","post_limit":3,"show_author":false,"show_date":false,"show_excerpts":true,"crop_ratio":"1.78","color_scheme":"default"}}},"order":["main","background_video","recommendations","newsletter","featured_blog"]}